token,coingecko_id,current_price_usd,volume_24h_usd,market_cap_usd,label_source,evidence_type,evidence_detail_json,has_signal_evidence
XLM,stellar,0.166688,147196223.068407982588,5520461027.661288261414,conservative_keyword_fallback,missing_coingecko_detail,"{""reason"": ""CoinGecko detail cache entry is unavailable.""}",false
INJ,injective-protocol,3.39,77704500.484872788191,338757999.759421885014,conservative_keyword_fallback,missing_coingecko_detail,"{""reason"": ""CoinGecko detail cache entry is unavailable.""}",false
TSLAX,tesla-xstock,386.98,27658686.599779382348,54029107.581850640476,conservative_keyword_fallback,missing_coingecko_detail,"{""reason"": ""CoinGecko detail cache entry is unavailable.""}",false
XDC,xdce-crowd-sale,0.03223245,21731228.395074147731,642068283.801581859589,conservative_keyword_fallback,missing_coingecko_detail,"{""reason"": ""CoinGecko detail cache entry is unavailable.""}",false
DUSK,dusk-network,0.163262,17938886.136149208993,81772255.29483909905,conservative_keyword_fallback,missing_coingecko_detail,"{""reason"": ""CoinGecko detail cache entry is unavailable.""}",false
SYRUP,syrup,0.241894,12826387.353166764602,280695695.590426146984,conservative_keyword_fallback,missing_coingecko_detail,"{""reason"": ""CoinGecko detail cache entry is unavailable.""}",false
RSR,reserve-rights-token,0.00166142,10237765.005543181673,103768832.537190869451,conservative_keyword_fallback,missing_coingecko_detail,"{""reason"": ""CoinGecko detail cache entry is unavailable.""}",false
KERNEL,kernel-2,0.083023,9959397.227327970788,23834691.486521165818,conservative_keyword_fallback,missing_coingecko_detail,"{""reason"": ""CoinGecko detail cache entry is unavailable.""}",false
QNT,quant-network,75.91,9887473.78406897746,1103812798.369532108307,conservative_keyword_fallback,missing_coingecko_detail,"{""reason"": ""CoinGecko detail cache entry is unavailable.""}",false
MANTRA,mantra,0.01120876,8356903.142264764756,54549822.27559992671,conservative_keyword_fallback,missing_coingecko_detail,"{""reason"": ""CoinGecko detail cache entry is unavailable.""}",false
ZBCN,zebec-network,0.00280854,8238334.19234384317,275046139.167570054531,conservative_keyword_fallback,missing_coingecko_detail,"{""reason"": ""CoinGecko detail cache entry is unavailable.""}",false
RVN,ravencoin,0.00601092,7546678.114062963054,97288437.186119228601,conservative_keyword_fallback,missing_coingecko_detail,"{""reason"": ""CoinGecko detail cache entry is unavailable.""}",false
LUMIA,lumia,0.103885,6873069.992265252396,14360345.412608889863,conservative_keyword_fallback,missing_coingecko_detail,"{""reason"": ""CoinGecko detail cache entry is unavailable.""}",false
DIA,dia-data,0.208852,5221858.361380894668,24800258.462574794888,conservative_keyword_fallback,missing_coingecko_detail,"{""reason"": ""CoinGecko detail cache entry is unavailable.""}",false
MLN,melon,3.19,2608912.148608411197,10370189.851840686053,conservative_keyword_fallback,missing_coingecko_detail,"{""reason"": ""CoinGecko detail cache entry is unavailable.""}",false
RLS,rayls,0.00277435,2292381.34854089329,3927650.705275585409,conservative_keyword_fallback,missing_coingecko_detail,"{""reason"": ""CoinGecko detail cache entry is unavailable.""}",false
EWT,energy-web-token,0.42776,446064.825615792535,25898695.778814610094,conservative_keyword_fallback,missing_coingecko_detail,"{""reason"": ""CoinGecko detail cache entry is unavailable.""}",false
MKR,maker,1802.31,88428.311922894791,0,conservative_keyword_fallback,missing_coingecko_detail,"{""reason"": ""CoinGecko detail cache entry is unavailable.""}",false
OM,mantra-dao,0.01179575,1151.03450614351,57444481.224435500801,conservative_keyword_fallback,missing_coingecko_detail,"{""reason"": ""CoinGecko detail cache entry is unavailable.""}",false
CANTO,canto,0.00135793,10.864807144534,826255.458098766627,conservative_keyword_fallback,missing_coingecko_detail,"{""reason"": ""CoinGecko detail cache entry is unavailable.""}",false
APP,moon-app,0.00004875,9.636203742295,96818.26503599131,conservative_keyword_fallback,missing_coingecko_detail,"{""reason"": ""CoinGecko detail cache entry is unavailable.""}",false
1000000BABYDOGE,,,,,conservative_keyword_fallback,missing_coingecko_id,"{""reason"": ""No CoinGecko ID available; symbol-only classification is disallowed.""}",false
1000000BOB,,,,,conservative_keyword_fallback,missing_coingecko_id,"{""reason"": ""No CoinGecko ID available; symbol-only classification is disallowed.""}",false
1000000CHEEMS,,,,,conservative_keyword_fallback,missing_coingecko_id,"{""reason"": ""No CoinGecko ID available; symbol-only classification is disallowed.""}",false
10000SATS,,,,,conservative_keyword_fallback,missing_coingecko_id,"{""reason"": ""No CoinGecko ID available; symbol-only classification is disallowed.""}",false
1000FLOKI,,,,,conservative_keyword_fallback,missing_coingecko_id,"{""reason"": ""No CoinGecko ID available; symbol-only classification is disallowed.""}",false
1000LUNC,,,,,conservative_keyword_fallback,missing_coingecko_id,"{""reason"": ""No CoinGecko ID available; symbol-only classification is disallowed.""}",false
1000NEIROCTO,,,,,conservative_keyword_fallback,missing_coingecko_id,"{""reason"": ""No CoinGecko ID available; symbol-only classification is disallowed.""}",false
1000PEPE,,,,,conservative_keyword_fallback,missing_coingecko_id,"{""reason"": ""No CoinGecko ID available; symbol-only classification is disallowed.""}",false
1000TOSHI,,,,,conservative_keyword_fallback,missing_coingecko_id,"{""reason"": ""No CoinGecko ID available; symbol-only classification is disallowed.""}",false
1000TURBO,,,,,conservative_keyword_fallback,missing_coingecko_id,"{""reason"": ""No CoinGecko ID available; symbol-only classification is disallowed.""}",false
1MCHEEMS,,,,,conservative_keyword_fallback,missing_coingecko_id,"{""reason"": ""No CoinGecko ID available; symbol-only classification is disallowed.""}",false
AAPL,,,,,conservative_keyword_fallback,missing_coingecko_id,"{""reason"": ""No CoinGecko ID available; symbol-only classification is disallowed.""}",false
ACE,,,,,conservative_keyword_fallback,missing_coingecko_id,"{""reason"": ""No CoinGecko ID available; symbol-only classification is disallowed.""}",false
ACN,,,,,conservative_keyword_fallback,missing_coingecko_id,"{""reason"": ""No CoinGecko ID available; symbol-only classification is disallowed.""}",false
ACT,,,,,conservative_keyword_fallback,missing_coingecko_id,"{""reason"": ""No CoinGecko ID available; symbol-only classification is disallowed.""}",false
AGI,,,,,conservative_keyword_fallback,missing_coingecko_id,"{""reason"": ""No CoinGecko ID available; symbol-only classification is disallowed.""}",false
AGT,,,,,conservative_keyword_fallback,missing_coingecko_id,"{""reason"": ""No CoinGecko ID available; symbol-only classification is disallowed.""}",false
AI,,,,,conservative_keyword_fallback,missing_coingecko_id,"{""reason"": ""No CoinGecko ID available; symbol-only classification is disallowed.""}",false
AIN,,,,,conservative_keyword_fallback,missing_coingecko_id,"{""reason"": ""No CoinGecko ID available; symbol-only classification is disallowed.""}",false
AIO,,,,,conservative_keyword_fallback,missing_coingecko_id,"{""reason"": ""No CoinGecko ID available; symbol-only classification is disallowed.""}",false
AKT,,,,,conservative_keyword_fallback,missing_coingecko_id,"{""reason"": ""No CoinGecko ID available; symbol-only classification is disallowed.""}",false
ALGO,,,,,conservative_keyword_fallback,missing_coingecko_id,"{""reason"": ""No CoinGecko ID available; symbol-only classification is disallowed.""}",false
ALICE,,,,,conservative_keyword_fallback,missing_coingecko_id,"{""reason"": ""No CoinGecko ID available; symbol-only classification is disallowed.""}",false
ALL,,,,,conservative_keyword_fallback,missing_coingecko_id,"{""reason"": ""No CoinGecko ID available; symbol-only classification is disallowed.""}",false
ALT,,,,,conservative_keyword_fallback,missing_coingecko_id,"{""reason"": ""No CoinGecko ID available; symbol-only classification is disallowed.""}",false
AMAT,,,,,conservative_keyword_fallback,missing_coingecko_id,"{""reason"": ""No CoinGecko ID available; symbol-only classification is disallowed.""}",false
AMD,,,,,conservative_keyword_fallback,missing_coingecko_id,"{""reason"": ""No CoinGecko ID available; symbol-only classification is disallowed.""}",false
AMZN,,,,,conservative_keyword_fallback,missing_coingecko_id,"{""reason"": ""No CoinGecko ID available; symbol-only classification is disallowed.""}",false
ANIME,,,,,conservative_keyword_fallback,missing_coingecko_id,"{""reason"": ""No CoinGecko ID available; symbol-only classification is disallowed.""}",false
APE,,,,,conservative_keyword_fallback,missing_coingecko_id,"{""reason"": ""No CoinGecko ID available; symbol-only classification is disallowed.""}",false
APEX,,,,,conservative_keyword_fallback,missing_coingecko_id,"{""reason"": ""No CoinGecko ID available; symbol-only classification is disallowed.""}",false
ARC,,,,,conservative_keyword_fallback,missing_coingecko_id,"{""reason"": ""No CoinGecko ID available; symbol-only classification is disallowed.""}",false
ARIA,,,,,conservative_keyword_fallback,missing_coingecko_id,"{""reason"": ""No CoinGecko ID available; symbol-only classification is disallowed.""}",false
ARK,,,,,conservative_keyword_fallback,missing_coingecko_id,"{""reason"": ""No CoinGecko ID available; symbol-only classification is disallowed.""}",false
ARM,,,,,conservative_keyword_fallback,missing_coingecko_id,"{""reason"": ""No CoinGecko ID available; symbol-only classification is disallowed.""}",false
ASML,,,,,conservative_keyword_fallback,missing_coingecko_id,"{""reason"": ""No CoinGecko ID available; symbol-only classification is disallowed.""}",false
ASTR,,,,,conservative_keyword_fallback,missing_coingecko_id,"{""reason"": ""No CoinGecko ID available; symbol-only classification is disallowed.""}",false
ATA,,,,,conservative_keyword_fallback,missing_coingecko_id,"{""reason"": ""No CoinGecko ID available; symbol-only classification is disallowed.""}",false
ATH,,,,,conservative_keyword_fallback,missing_coingecko_id,"{""reason"": ""No CoinGecko ID available; symbol-only classification is disallowed.""}",false
ATOM,,,,,conservative_keyword_fallback,missing_coingecko_id,"{""reason"": ""No CoinGecko ID available; symbol-only classification is disallowed.""}",false
AUCTION,,,,,conservative_keyword_fallback,missing_coingecko_id,"{""reason"": ""No CoinGecko ID available; symbol-only classification is disallowed.""}",false
AVA,,,,,conservative_keyword_fallback,missing_coingecko_id,"{""reason"": ""No CoinGecko ID available; symbol-only classification is disallowed.""}",false
AVAAI,,,,,conservative_keyword_fallback,missing_coingecko_id,"{""reason"": ""No CoinGecko ID available; symbol-only classification is disallowed.""}",false
AVGO,,,,,conservative_keyword_fallback,missing_coingecko_id,"{""reason"": ""No CoinGecko ID available; symbol-only classification is disallowed.""}",false
B,,,,,conservative_keyword_fallback,missing_coingecko_id,"{""reason"": ""No CoinGecko ID available; symbol-only classification is disallowed.""}",false
BA,,,,,conservative_keyword_fallback,missing_coingecko_id,"{""reason"": ""No CoinGecko ID available; symbol-only classification is disallowed.""}",false
BABY,,,,,conservative_keyword_fallback,missing_coingecko_id,"{""reason"": ""No CoinGecko ID available; symbol-only classification is disallowed.""}",false
BADGER,,,,,conservative_keyword_fallback,missing_coingecko_id,"{""reason"": ""No CoinGecko ID available; symbol-only classification is disallowed.""}",false
BAN,,,,,conservative_keyword_fallback,missing_coingecko_id,"{""reason"": ""No CoinGecko ID available; symbol-only classification is disallowed.""}",false
BANANA,,,,,conservative_keyword_fallback,missing_coingecko_id,"{""reason"": ""No CoinGecko ID available; symbol-only classification is disallowed.""}",false
BANK,,,,,conservative_keyword_fallback,missing_coingecko_id,"{""reason"": ""No CoinGecko ID available; symbol-only classification is disallowed.""}",false
BAT,,,,,conservative_keyword_fallback,missing_coingecko_id,"{""reason"": ""No CoinGecko ID available; symbol-only classification is disallowed.""}",false
BB,,,,,conservative_keyword_fallback,missing_coingecko_id,"{""reason"": ""No CoinGecko ID available; symbol-only classification is disallowed.""}",false
BEAM,,,,,conservative_keyword_fallback,missing_coingecko_id,"{""reason"": ""No CoinGecko ID available; symbol-only classification is disallowed.""}",false
BEAMX,,,,,conservative_keyword_fallback,missing_coingecko_id,"{""reason"": ""No CoinGecko ID available; symbol-only classification is disallowed.""}",false
BEAT,,,,,conservative_keyword_fallback,missing_coingecko_id,"{""reason"": ""No CoinGecko ID available; symbol-only classification is disallowed.""}",false
BEL,,,,,conservative_keyword_fallback,missing_coingecko_id,"{""reason"": ""No CoinGecko ID available; symbol-only classification is disallowed.""}",false
BIO,,,,,conservative_keyword_fallback,missing_coingecko_id,"{""reason"": ""No CoinGecko ID available; symbol-only classification is disallowed.""}",false
BIRB,,,,,conservative_keyword_fallback,missing_coingecko_id,"{""reason"": ""No CoinGecko ID available; symbol-only classification is disallowed.""}",false
BLAST,,,,,conservative_keyword_fallback,missing_coingecko_id,"{""reason"": ""No CoinGecko ID available; symbol-only classification is disallowed.""}",false
BMT,,,,,conservative_keyword_fallback,missing_coingecko_id,"{""reason"": ""No CoinGecko ID available; symbol-only classification is disallowed.""}",false
BOB,,,,,conservative_keyword_fallback,missing_coingecko_id,"{""reason"": ""No CoinGecko ID available; symbol-only classification is disallowed.""}",false
BOBA,,,,,conservative_keyword_fallback,missing_coingecko_id,"{""reason"": ""No CoinGecko ID available; symbol-only classification is disallowed.""}",false
BOBBOB,,,,,conservative_keyword_fallback,missing_coingecko_id,"{""reason"": ""No CoinGecko ID available; symbol-only classification is disallowed.""}",false
BONK,,,,,conservative_keyword_fallback,missing_coingecko_id,"{""reason"": ""No CoinGecko ID available; symbol-only classification is disallowed.""}",false
BRETT,,,,,conservative_keyword_fallback,missing_coingecko_id,"{""reason"": ""No CoinGecko ID available; symbol-only classification is disallowed.""}",false
BROCCOLI,,,,,conservative_keyword_fallback,missing_coingecko_id,"{""reason"": ""No CoinGecko ID available; symbol-only classification is disallowed.""}",false
BROCCOLI714,,,,,conservative_keyword_fallback,missing_coingecko_id,"{""reason"": ""No CoinGecko ID available; symbol-only classification is disallowed.""}",false
BROCCOLIF3B,,,,,conservative_keyword_fallback,missing_coingecko_id,"{""reason"": ""No CoinGecko ID available; symbol-only classification is disallowed.""}",false
BTCDOM,,,,,conservative_keyword_fallback,missing_coingecko_id,"{""reason"": ""No CoinGecko ID available; symbol-only classification is disallowed.""}",false
BTR,,,,,conservative_keyword_fallback,missing_coingecko_id,"{""reason"": ""No CoinGecko ID available; symbol-only classification is disallowed.""}",false
BULLA,,,,,conservative_keyword_fallback,missing_coingecko_id,"{""reason"": ""No CoinGecko ID available; symbol-only classification is disallowed.""}",false
BZ,,,,,conservative_keyword_fallback,missing_coingecko_id,"{""reason"": ""No CoinGecko ID available; symbol-only classification is disallowed.""}",false
C,,,,,conservative_keyword_fallback,missing_coingecko_id,"{""reason"": ""No CoinGecko ID available; symbol-only classification is disallowed.""}",false
CC,,,,,conservative_keyword_fallback,missing_coingecko_id,"{""reason"": ""No CoinGecko ID available; symbol-only classification is disallowed.""}",false
CFX,,,,,conservative_keyword_fallback,missing_coingecko_id,"{""reason"": ""No CoinGecko ID available; symbol-only classification is disallowed.""}",false
CHILLGUY,,,,,conservative_keyword_fallback,missing_coingecko_id,"{""reason"": ""No CoinGecko ID available; symbol-only classification is disallowed.""}",false
CHIP,,,,,conservative_keyword_fallback,missing_coingecko_id,"{""reason"": ""No CoinGecko ID available; symbol-only classification is disallowed.""}",false
CHR,,,,,conservative_keyword_fallback,missing_coingecko_id,"{""reason"": ""No CoinGecko ID available; symbol-only classification is disallowed.""}",false
CL,,,,,conservative_keyword_fallback,missing_coingecko_id,"{""reason"": ""No CoinGecko ID available; symbol-only classification is disallowed.""}",false
CLANKER,,,,,conservative_keyword_fallback,missing_coingecko_id,"{""reason"": ""No CoinGecko ID available; symbol-only classification is disallowed.""}",false
CLO,,,,,conservative_keyword_fallback,missing_coingecko_id,"{""reason"": ""No CoinGecko ID available; symbol-only classification is disallowed.""}",false
CLOUD,,,,,conservative_keyword_fallback,missing_coingecko_id,"{""reason"": ""No CoinGecko ID available; symbol-only classification is disallowed.""}",false
COIN,,,,,conservative_keyword_fallback,missing_coingecko_id,"{""reason"": ""No CoinGecko ID available; symbol-only classification is disallowed.""}",false
COLLECT,,,,,conservative_keyword_fallback,missing_coingecko_id,"{""reason"": ""No CoinGecko ID available; symbol-only classification is disallowed.""}",false
COOKIE,,,,,conservative_keyword_fallback,missing_coingecko_id,"{""reason"": ""No CoinGecko ID available; symbol-only classification is disallowed.""}",false
COPPER,,,,,conservative_keyword_fallback,missing_coingecko_id,"{""reason"": ""No CoinGecko ID available; symbol-only classification is disallowed.""}",false
CORE,,,,,conservative_keyword_fallback,missing_coingecko_id,"{""reason"": ""No CoinGecko ID available; symbol-only classification is disallowed.""}",false
COS,,,,,conservative_keyword_fallback,missing_coingecko_id,"{""reason"": ""No CoinGecko ID available; symbol-only classification is disallowed.""}",false
COW,,,,,conservative_keyword_fallback,missing_coingecko_id,"{""reason"": ""No CoinGecko ID available; symbol-only classification is disallowed.""}",false
CRO,,,,,conservative_keyword_fallback,missing_coingecko_id,"{""reason"": ""No CoinGecko ID available; symbol-only classification is disallowed.""}",false
CRWV,,,,,conservative_keyword_fallback,missing_coingecko_id,"{""reason"": ""No CoinGecko ID available; symbol-only classification is disallowed.""}",false
CSCO,,,,,conservative_keyword_fallback,missing_coingecko_id,"{""reason"": ""No CoinGecko ID available; symbol-only classification is disallowed.""}",false
CYBER,,,,,conservative_keyword_fallback,missing_coingecko_id,"{""reason"": ""No CoinGecko ID available; symbol-only classification is disallowed.""}",false
D,,,,,conservative_keyword_fallback,missing_coingecko_id,"{""reason"": ""No CoinGecko ID available; symbol-only classification is disallowed.""}",false
DAM,,,,,conservative_keyword_fallback,missing_coingecko_id,"{""reason"": ""No CoinGecko ID available; symbol-only classification is disallowed.""}",false
DASH,,,,,conservative_keyword_fallback,missing_coingecko_id,"{""reason"": ""No CoinGecko ID available; symbol-only classification is disallowed.""}",false
DBR,,,,,conservative_keyword_fallback,missing_coingecko_id,"{""reason"": ""No CoinGecko ID available; symbol-only classification is disallowed.""}",false
DEEP,,,,,conservative_keyword_fallback,missing_coingecko_id,"{""reason"": ""No CoinGecko ID available; symbol-only classification is disallowed.""}",false
DEGEN,,,,,conservative_keyword_fallback,missing_coingecko_id,"{""reason"": ""No CoinGecko ID available; symbol-only classification is disallowed.""}",false
DODOX,,,,,conservative_keyword_fallback,missing_coingecko_id,"{""reason"": ""No CoinGecko ID available; symbol-only classification is disallowed.""}",false
DOG,,,,,conservative_keyword_fallback,missing_coingecko_id,"{""reason"": ""No CoinGecko ID available; symbol-only classification is disallowed.""}",false
DOGE,,,,,conservative_keyword_fallback,missing_coingecko_id,"{""reason"": ""No CoinGecko ID available; symbol-only classification is disallowed.""}",false
DOGS,,,,,conservative_keyword_fallback,missing_coingecko_id,"{""reason"": ""No CoinGecko ID available; symbol-only classification is disallowed.""}",false
DYDX,,,,,conservative_keyword_fallback,missing_coingecko_id,"{""reason"": ""No CoinGecko ID available; symbol-only classification is disallowed.""}",false
EDEN,,,,,conservative_keyword_fallback,missing_coingecko_id,"{""reason"": ""No CoinGecko ID available; symbol-only classification is disallowed.""}",false
EPIC,,,,,conservative_keyword_fallback,missing_coingecko_id,"{""reason"": ""No CoinGecko ID available; symbol-only classification is disallowed.""}",false
ERA,,,,,conservative_keyword_fallback,missing_coingecko_id,"{""reason"": ""No CoinGecko ID available; symbol-only classification is disallowed.""}",false
ESP,,,,,conservative_keyword_fallback,missing_coingecko_id,"{""reason"": ""No CoinGecko ID available; symbol-only classification is disallowed.""}",false
ETHBTC,,,,,conservative_keyword_fallback,missing_coingecko_id,"{""reason"": ""No CoinGecko ID available; symbol-only classification is disallowed.""}",false
EUR,,,,,conservative_keyword_fallback,missing_coingecko_id,"{""reason"": ""No CoinGecko ID available; symbol-only classification is disallowed.""}",false
EWH,,,,,conservative_keyword_fallback,missing_coingecko_id,"{""reason"": ""No CoinGecko ID available; symbol-only classification is disallowed.""}",false
EWJ,,,,,conservative_keyword_fallback,missing_coingecko_id,"{""reason"": ""No CoinGecko ID available; symbol-only classification is disallowed.""}",false
EWY,,,,,conservative_keyword_fallback,missing_coingecko_id,"{""reason"": ""No CoinGecko ID available; symbol-only classification is disallowed.""}",false
F,,,,,conservative_keyword_fallback,missing_coingecko_id,"{""reason"": ""No CoinGecko ID available; symbol-only classification is disallowed.""}",false
FARTCOIN,,,,,conservative_keyword_fallback,missing_coingecko_id,"{""reason"": ""No CoinGecko ID available; symbol-only classification is disallowed.""}",false
"FARTCOIN,RAYDIUM,9BB6NFECJBCTNNLFKO2FQVQBQ8HHM13KCYYCDQBGPUMP",,,,,conservative_keyword_fallback,missing_coingecko_id,"{""reason"": ""No CoinGecko ID available; symbol-only classification is disallowed.""}",false
FF,,,,,conservative_keyword_fallback,missing_coingecko_id,"{""reason"": ""No CoinGecko ID available; symbol-only classification is disallowed.""}",false
FIGHT,,,,,conservative_keyword_fallback,missing_coingecko_id,"{""reason"": ""No CoinGecko ID available; symbol-only classification is disallowed.""}",false
FLOCK,,,,,conservative_keyword_fallback,missing_coingecko_id,"{""reason"": ""No CoinGecko ID available; symbol-only classification is disallowed.""}",false
FLOKI,,,,,conservative_keyword_fallback,missing_coingecko_id,"{""reason"": ""No CoinGecko ID available; symbol-only classification is disallowed.""}",false
FLOW,,,,,conservative_keyword_fallback,missing_coingecko_id,"{""reason"": ""No CoinGecko ID available; symbol-only classification is disallowed.""}",false
FLUX,,,,,conservative_keyword_fallback,missing_coingecko_id,"{""reason"": ""No CoinGecko ID available; symbol-only classification is disallowed.""}",false
FLY,,,,,conservative_keyword_fallback,missing_coingecko_id,"{""reason"": ""No CoinGecko ID available; symbol-only classification is disallowed.""}",false
FORM,,,,,conservative_keyword_fallback,missing_coingecko_id,"{""reason"": ""No CoinGecko ID available; symbol-only classification is disallowed.""}",false
FRAX,,,,,conservative_keyword_fallback,missing_coingecko_id,"{""reason"": ""No CoinGecko ID available; symbol-only classification is disallowed.""}",false
FUTU,,,,,conservative_keyword_fallback,missing_coingecko_id,"{""reason"": ""No CoinGecko ID available; symbol-only classification is disallowed.""}",false
FXS,,,,,conservative_keyword_fallback,missing_coingecko_id,"{""reason"": ""No CoinGecko ID available; symbol-only classification is disallowed.""}",false
G,,,,,conservative_keyword_fallback,missing_coingecko_id,"{""reason"": ""No CoinGecko ID available; symbol-only classification is disallowed.""}",false
GAS,,,,,conservative_keyword_fallback,missing_coingecko_id,"{""reason"": ""No CoinGecko ID available; symbol-only classification is disallowed.""}",false
GE,,,,,conservative_keyword_fallback,missing_coingecko_id,"{""reason"": ""No CoinGecko ID available; symbol-only classification is disallowed.""}",false
GENIUS,,,,,conservative_keyword_fallback,missing_coingecko_id,"{""reason"": ""No CoinGecko ID available; symbol-only classification is disallowed.""}",false
GIGA,,,,,conservative_keyword_fallback,missing_coingecko_id,"{""reason"": ""No CoinGecko ID available; symbol-only classification is disallowed.""}",false
GME,,,,,conservative_keyword_fallback,missing_coingecko_id,"{""reason"": ""No CoinGecko ID available; symbol-only classification is disallowed.""}",false
GMT,,,,,conservative_keyword_fallback,missing_coingecko_id,"{""reason"": ""No CoinGecko ID available; symbol-only classification is disallowed.""}",false
GNO,,,,,conservative_keyword_fallback,missing_coingecko_id,"{""reason"": ""No CoinGecko ID available; symbol-only classification is disallowed.""}",false
GOAT,,,,,conservative_keyword_fallback,missing_coingecko_id,"{""reason"": ""No CoinGecko ID available; symbol-only classification is disallowed.""}",false
GODS,,,,,conservative_keyword_fallback,missing_coingecko_id,"{""reason"": ""No CoinGecko ID available; symbol-only classification is disallowed.""}",false
GOOGL,,,,,conservative_keyword_fallback,missing_coingecko_id,"{""reason"": ""No CoinGecko ID available; symbol-only classification is disallowed.""}",false
GRASS,,,,,conservative_keyword_fallback,missing_coingecko_id,"{""reason"": ""No CoinGecko ID available; symbol-only classification is disallowed.""}",false
GTC,,,,,conservative_keyword_fallback,missing_coingecko_id,"{""reason"": ""No CoinGecko ID available; symbol-only classification is disallowed.""}",false
GUA,,,,,conservative_keyword_fallback,missing_coingecko_id,"{""reason"": ""No CoinGecko ID available; symbol-only classification is disallowed.""}",false
H,,,,,conservative_keyword_fallback,missing_coingecko_id,"{""reason"": ""No CoinGecko ID available; symbol-only classification is disallowed.""}",false
HANA,,,,,conservative_keyword_fallback,missing_coingecko_id,"{""reason"": ""No CoinGecko ID available; symbol-only classification is disallowed.""}",false
HIGH,,,,,conservative_keyword_fallback,missing_coingecko_id,"{""reason"": ""No CoinGecko ID available; symbol-only classification is disallowed.""}",false
HIVE,,,,,conservative_keyword_fallback,missing_coingecko_id,"{""reason"": ""No CoinGecko ID available; symbol-only classification is disallowed.""}",false
HOLO,,,,,conservative_keyword_fallback,missing_coingecko_id,"{""reason"": ""No CoinGecko ID available; symbol-only classification is disallowed.""}",false
HPOS,,,,,conservative_keyword_fallback,missing_coingecko_id,"{""reason"": ""No CoinGecko ID available; symbol-only classification is disallowed.""}",false
HPOS10I,,,,,conservative_keyword_fallback,missing_coingecko_id,"{""reason"": ""No CoinGecko ID available; symbol-only classification is disallowed.""}",false
HYPER,,,,,conservative_keyword_fallback,missing_coingecko_id,"{""reason"": ""No CoinGecko ID available; symbol-only classification is disallowed.""}",false
IBM,,,,,conservative_keyword_fallback,missing_coingecko_id,"{""reason"": ""No CoinGecko ID available; symbol-only classification is disallowed.""}",false
ID,,,,,conservative_keyword_fallback,missing_coingecko_id,"{""reason"": ""No CoinGecko ID available; symbol-only classification is disallowed.""}",false
IN,,,,,conservative_keyword_fallback,missing_coingecko_id,"{""reason"": ""No CoinGecko ID available; symbol-only classification is disallowed.""}",false
INDA,,,,,conservative_keyword_fallback,missing_coingecko_id,"{""reason"": ""No CoinGecko ID available; symbol-only classification is disallowed.""}",false
INIT,,,,,conservative_keyword_fallback,missing_coingecko_id,"{""reason"": ""No CoinGecko ID available; symbol-only classification is disallowed.""}",false
INTC,,,,,conservative_keyword_fallback,missing_coingecko_id,"{""reason"": ""No CoinGecko ID available; symbol-only classification is disallowed.""}",false
INX,,,,,conservative_keyword_fallback,missing_coingecko_id,"{""reason"": ""No CoinGecko ID available; symbol-only classification is disallowed.""}",false
IOTX,,,,,conservative_keyword_fallback,missing_coingecko_id,"{""reason"": ""No CoinGecko ID available; symbol-only classification is disallowed.""}",false
IWM,,,,,conservative_keyword_fallback,missing_coingecko_id,"{""reason"": ""No CoinGecko ID available; symbol-only classification is disallowed.""}",false
JCT,,,,,conservative_keyword_fallback,missing_coingecko_id,"{""reason"": ""No CoinGecko ID available; symbol-only classification is disallowed.""}",false
JD,,,,,conservative_keyword_fallback,missing_coingecko_id,"{""reason"": ""No CoinGecko ID available; symbol-only classification is disallowed.""}",false
JELLY,,,,,conservative_keyword_fallback,missing_coingecko_id,"{""reason"": ""No CoinGecko ID available; symbol-only classification is disallowed.""}",false
JOE,,,,,conservative_keyword_fallback,missing_coingecko_id,"{""reason"": ""No CoinGecko ID available; symbol-only classification is disallowed.""}",false
JUP,,,,,conservative_keyword_fallback,missing_coingecko_id,"{""reason"": ""No CoinGecko ID available; symbol-only classification is disallowed.""}",false
KAIA,,,,,conservative_keyword_fallback,missing_coingecko_id,"{""reason"": ""No CoinGecko ID available; symbol-only classification is disallowed.""}",false
KAT,,,,,conservative_keyword_fallback,missing_coingecko_id,"{""reason"": ""No CoinGecko ID available; symbol-only classification is disallowed.""}",false
kBONK,,,,,conservative_keyword_fallback,missing_coingecko_id,"{""reason"": ""No CoinGecko ID available; symbol-only classification is disallowed.""}",false
kDOGS,,,,,conservative_keyword_fallback,missing_coingecko_id,"{""reason"": ""No CoinGecko ID available; symbol-only classification is disallowed.""}",false
kFLOKI,,,,,conservative_keyword_fallback,missing_coingecko_id,"{""reason"": ""No CoinGecko ID available; symbol-only classification is disallowed.""}",false
KITE,,,,,conservative_keyword_fallback,missing_coingecko_id,"{""reason"": ""No CoinGecko ID available; symbol-only classification is disallowed.""}",false
kLUNC,,,,,conservative_keyword_fallback,missing_coingecko_id,"{""reason"": ""No CoinGecko ID available; symbol-only classification is disallowed.""}",false
kNEIRO,,,,,conservative_keyword_fallback,missing_coingecko_id,"{""reason"": ""No CoinGecko ID available; symbol-only classification is disallowed.""}",false
kPEPE,,,,,conservative_keyword_fallback,missing_coingecko_id,"{""reason"": ""No CoinGecko ID available; symbol-only classification is disallowed.""}",false
kSHIB,,,,,conservative_keyword_fallback,missing_coingecko_id,"{""reason"": ""No CoinGecko ID available; symbol-only classification is disallowed.""}",false
KWEB,,,,,conservative_keyword_fallback,missing_coingecko_id,"{""reason"": ""No CoinGecko ID available; symbol-only classification is disallowed.""}",false
LA,,,,,conservative_keyword_fallback,missing_coingecko_id,"{""reason"": ""No CoinGecko ID available; symbol-only classification is disallowed.""}",false
LAB,,,,,conservative_keyword_fallback,missing_coingecko_id,"{""reason"": ""No CoinGecko ID available; symbol-only classification is disallowed.""}",false
LAUNCHCOIN,,,,,conservative_keyword_fallback,missing_coingecko_id,"{""reason"": ""No CoinGecko ID available; symbol-only classification is disallowed.""}",false
LAYER,,,,,conservative_keyword_fallback,missing_coingecko_id,"{""reason"": ""No CoinGecko ID available; symbol-only classification is disallowed.""}",false
LDO,,,,,conservative_keyword_fallback,missing_coingecko_id,"{""reason"": ""No CoinGecko ID available; symbol-only classification is disallowed.""}",false
LIGHT,,,,,conservative_keyword_fallback,missing_coingecko_id,"{""reason"": ""No CoinGecko ID available; symbol-only classification is disallowed.""}",false
LINK,,,,,conservative_keyword_fallback,missing_coingecko_id,"{""reason"": ""No CoinGecko ID available; symbol-only classification is disallowed.""}",false
LIT,,,,,conservative_keyword_fallback,missing_coingecko_id,"{""reason"": ""No CoinGecko ID available; symbol-only classification is disallowed.""}",false
LITE,,,,,conservative_keyword_fallback,missing_coingecko_id,"{""reason"": ""No CoinGecko ID available; symbol-only classification is disallowed.""}",false
LLY,,,,,conservative_keyword_fallback,missing_coingecko_id,"{""reason"": ""No CoinGecko ID available; symbol-only classification is disallowed.""}",false
LUNA,,,,,conservative_keyword_fallback,missing_coingecko_id,"{""reason"": ""No CoinGecko ID available; symbol-only classification is disallowed.""}",false
LUNA2,,,,,conservative_keyword_fallback,missing_coingecko_id,"{""reason"": ""No CoinGecko ID available; symbol-only classification is disallowed.""}",false
LUNC,,,,,conservative_keyword_fallback,missing_coingecko_id,"{""reason"": ""No CoinGecko ID available; symbol-only classification is disallowed.""}",false
LYN,,,,,conservative_keyword_fallback,missing_coingecko_id,"{""reason"": ""No CoinGecko ID available; symbol-only classification is disallowed.""}",false
M,,,,,conservative_keyword_fallback,missing_coingecko_id,"{""reason"": ""No CoinGecko ID available; symbol-only classification is disallowed.""}",false
MAGIC,,,,,conservative_keyword_fallback,missing_coingecko_id,"{""reason"": ""No CoinGecko ID available; symbol-only classification is disallowed.""}",false
MANA,,,,,conservative_keyword_fallback,missing_coingecko_id,"{""reason"": ""No CoinGecko ID available; symbol-only classification is disallowed.""}",false
MASK,,,,,conservative_keyword_fallback,missing_coingecko_id,"{""reason"": ""No CoinGecko ID available; symbol-only classification is disallowed.""}",false
MATIC,,,,,conservative_keyword_fallback,missing_coingecko_id,"{""reason"": ""No CoinGecko ID available; symbol-only classification is disallowed.""}",false
MCD,,,,,conservative_keyword_fallback,missing_coingecko_id,"{""reason"": ""No CoinGecko ID available; symbol-only classification is disallowed.""}",false
ME,,,,,conservative_keyword_fallback,missing_coingecko_id,"{""reason"": ""No CoinGecko ID available; symbol-only classification is disallowed.""}",false
MEGA,,,,,conservative_keyword_fallback,missing_coingecko_id,"{""reason"": ""No CoinGecko ID available; symbol-only classification is disallowed.""}",false
MEME,,,,,conservative_keyword_fallback,missing_coingecko_id,"{""reason"": ""No CoinGecko ID available; symbol-only classification is disallowed.""}",false
MET,,,,,conservative_keyword_fallback,missing_coingecko_id,"{""reason"": ""No CoinGecko ID available; symbol-only classification is disallowed.""}",false
META,,,,,conservative_keyword_fallback,missing_coingecko_id,"{""reason"": ""No CoinGecko ID available; symbol-only classification is disallowed.""}",false
METIS,,,,,conservative_keyword_fallback,missing_coingecko_id,"{""reason"": ""No CoinGecko ID available; symbol-only classification is disallowed.""}",false
MIRA,,,,,conservative_keyword_fallback,missing_coingecko_id,"{""reason"": ""No CoinGecko ID available; symbol-only classification is disallowed.""}",false
MNRY,,,,,conservative_keyword_fallback,missing_coingecko_id,"{""reason"": ""No CoinGecko ID available; symbol-only classification is disallowed.""}",false
MNT,,,,,conservative_keyword_fallback,missing_coingecko_id,"{""reason"": ""No CoinGecko ID available; symbol-only classification is disallowed.""}",false
MOCA,,,,,conservative_keyword_fallback,missing_coingecko_id,"{""reason"": ""No CoinGecko ID available; symbol-only classification is disallowed.""}",false
MOG,,,,,conservative_keyword_fallback,missing_coingecko_id,"{""reason"": ""No CoinGecko ID available; symbol-only classification is disallowed.""}",false
MON,,,,,conservative_keyword_fallback,missing_coingecko_id,"{""reason"": ""No CoinGecko ID available; symbol-only classification is disallowed.""}",false
MOODENG,,,,,conservative_keyword_fallback,missing_coingecko_id,"{""reason"": ""No CoinGecko ID available; symbol-only classification is disallowed.""}",false
MORPHO,,,,,conservative_keyword_fallback,missing_coingecko_id,"{""reason"": ""No CoinGecko ID available; symbol-only classification is disallowed.""}",false
MOVE,,,,,conservative_keyword_fallback,missing_coingecko_id,"{""reason"": ""No CoinGecko ID available; symbol-only classification is disallowed.""}",false
MRVL,,,,,conservative_keyword_fallback,missing_coingecko_id,"{""reason"": ""No CoinGecko ID available; symbol-only classification is disallowed.""}",false
MSFT,,,,,conservative_keyword_fallback,missing_coingecko_id,"{""reason"": ""No CoinGecko ID available; symbol-only classification is disallowed.""}",false
MSTR,,,,,conservative_keyword_fallback,missing_coingecko_id,"{""reason"": ""No CoinGecko ID available; symbol-only classification is disallowed.""}",false
MU,,,,,conservative_keyword_fallback,missing_coingecko_id,"{""reason"": ""No CoinGecko ID available; symbol-only classification is disallowed.""}",false
MUBARAK,,,,,conservative_keyword_fallback,missing_coingecko_id,"{""reason"": ""No CoinGecko ID available; symbol-only classification is disallowed.""}",false
NATGAS,,,,,conservative_keyword_fallback,missing_coingecko_id,"{""reason"": ""No CoinGecko ID available; symbol-only classification is disallowed.""}",false
NEIRO,,,,,conservative_keyword_fallback,missing_coingecko_id,"{""reason"": ""No CoinGecko ID available; symbol-only classification is disallowed.""}",false
NEIROCTO,,,,,conservative_keyword_fallback,missing_coingecko_id,"{""reason"": ""No CoinGecko ID available; symbol-only classification is disallowed.""}",false
NEIROETH,,,,,conservative_keyword_fallback,missing_coingecko_id,"{""reason"": ""No CoinGecko ID available; symbol-only classification is disallowed.""}",false
NEO,,,,,conservative_keyword_fallback,missing_coingecko_id,"{""reason"": ""No CoinGecko ID available; symbol-only classification is disallowed.""}",false
NFLX,,,,,conservative_keyword_fallback,missing_coingecko_id,"{""reason"": ""No CoinGecko ID available; symbol-only classification is disallowed.""}",false
NFTI,,,,,conservative_keyword_fallback,missing_coingecko_id,"{""reason"": ""No CoinGecko ID available; symbol-only classification is disallowed.""}",false
NG,,,,,conservative_keyword_fallback,missing_coingecko_id,"{""reason"": ""No CoinGecko ID available; symbol-only classification is disallowed.""}",false
NIGHT,,,,,conservative_keyword_fallback,missing_coingecko_id,"{""reason"": ""No CoinGecko ID available; symbol-only classification is disallowed.""}",false
NOM,,,,,conservative_keyword_fallback,missing_coingecko_id,"{""reason"": ""No CoinGecko ID available; symbol-only classification is disallowed.""}",false
NOT,,,,,conservative_keyword_fallback,missing_coingecko_id,"{""reason"": ""No CoinGecko ID available; symbol-only classification is disallowed.""}",false
NVDA,,,,,conservative_keyword_fallback,missing_coingecko_id,"{""reason"": ""No CoinGecko ID available; symbol-only classification is disallowed.""}",false
NXPC,,,,,conservative_keyword_fallback,missing_coingecko_id,"{""reason"": ""No CoinGecko ID available; symbol-only classification is disallowed.""}",false
OMNI,,,,,conservative_keyword_fallback,missing_coingecko_id,"{""reason"": ""No CoinGecko ID available; symbol-only classification is disallowed.""}",false
ONE,,,,,conservative_keyword_fallback,missing_coingecko_id,"{""reason"": ""No CoinGecko ID available; symbol-only classification is disallowed.""}",false
ONT,,,,,conservative_keyword_fallback,missing_coingecko_id,"{""reason"": ""No CoinGecko ID available; symbol-only classification is disallowed.""}",false
OP,,,,,conservative_keyword_fallback,missing_coingecko_id,"{""reason"": ""No CoinGecko ID available; symbol-only classification is disallowed.""}",false
OPEN,,,,,conservative_keyword_fallback,missing_coingecko_id,"{""reason"": ""No CoinGecko ID available; symbol-only classification is disallowed.""}",false
OPN,,,,,conservative_keyword_fallback,missing_coingecko_id,"{""reason"": ""No CoinGecko ID available; symbol-only classification is disallowed.""}",false
ORBS,,,,,conservative_keyword_fallback,missing_coingecko_id,"{""reason"": ""No CoinGecko ID available; symbol-only classification is disallowed.""}",false
ORDER,,,,,conservative_keyword_fallback,missing_coingecko_id,"{""reason"": ""No CoinGecko ID available; symbol-only classification is disallowed.""}",false
PAYP,,,,,conservative_keyword_fallback,missing_coingecko_id,"{""reason"": ""No CoinGecko ID available; symbol-only classification is disallowed.""}",false
PENGU,,,,,conservative_keyword_fallback,missing_coingecko_id,"{""reason"": ""No CoinGecko ID available; symbol-only classification is disallowed.""}",false
PEOPLE,,,,,conservative_keyword_fallback,missing_coingecko_id,"{""reason"": ""No CoinGecko ID available; symbol-only classification is disallowed.""}",false
PEP,,,,,conservative_keyword_fallback,missing_coingecko_id,"{""reason"": ""No CoinGecko ID available; symbol-only classification is disallowed.""}",false
PEPE,,,,,conservative_keyword_fallback,missing_coingecko_id,"{""reason"": ""No CoinGecko ID available; symbol-only classification is disallowed.""}",false
PHB,,,,,conservative_keyword_fallback,missing_coingecko_id,"{""reason"": ""No CoinGecko ID available; symbol-only classification is disallowed.""}",false
PI,,,,,conservative_keyword_fallback,missing_coingecko_id,"{""reason"": ""No CoinGecko ID available; symbol-only classification is disallowed.""}",false
PIXEL,,,,,conservative_keyword_fallback,missing_coingecko_id,"{""reason"": ""No CoinGecko ID available; symbol-only classification is disallowed.""}",false
PLAY,,,,,conservative_keyword_fallback,missing_coingecko_id,"{""reason"": ""No CoinGecko ID available; symbol-only classification is disallowed.""}",false
PLAYSOUT,,,,,conservative_keyword_fallback,missing_coingecko_id,"{""reason"": ""No CoinGecko ID available; symbol-only classification is disallowed.""}",false
PLTR,,,,,conservative_keyword_fallback,missing_coingecko_id,"{""reason"": ""No CoinGecko ID available; symbol-only classification is disallowed.""}",false
PNUT,,,,,conservative_keyword_fallback,missing_coingecko_id,"{""reason"": ""No CoinGecko ID available; symbol-only classification is disallowed.""}",false
POL,,,,,conservative_keyword_fallback,missing_coingecko_id,"{""reason"": ""No CoinGecko ID available; symbol-only classification is disallowed.""}",false
POWER,,,,,conservative_keyword_fallback,missing_coingecko_id,"{""reason"": ""No CoinGecko ID available; symbol-only classification is disallowed.""}",false
PROMPT,,,,,conservative_keyword_fallback,missing_coingecko_id,"{""reason"": ""No CoinGecko ID available; symbol-only classification is disallowed.""}",false
PUMP,,,,,conservative_keyword_fallback,missing_coingecko_id,"{""reason"": ""No CoinGecko ID available; symbol-only classification is disallowed.""}",false
PUMPFUN,,,,,conservative_keyword_fallback,missing_coingecko_id,"{""reason"": ""No CoinGecko ID available; symbol-only classification is disallowed.""}",false
PURR,,,,,conservative_keyword_fallback,missing_coingecko_id,"{""reason"": ""No CoinGecko ID available; symbol-only classification is disallowed.""}",false
Q,,,,,conservative_keyword_fallback,missing_coingecko_id,"{""reason"": ""No CoinGecko ID available; symbol-only classification is disallowed.""}",false
QQQ,,,,,conservative_keyword_fallback,missing_coingecko_id,"{""reason"": ""No CoinGecko ID available; symbol-only classification is disallowed.""}",false
RARE,,,,,conservative_keyword_fallback,missing_coingecko_id,"{""reason"": ""No CoinGecko ID available; symbol-only classification is disallowed.""}",false
RAYDIUM,,,,,conservative_keyword_fallback,missing_coingecko_id,"{""reason"": ""No CoinGecko ID available; symbol-only classification is disallowed.""}",false
RAYSOL,,,,,conservative_keyword_fallback,missing_coingecko_id,"{""reason"": ""No CoinGecko ID available; symbol-only classification is disallowed.""}",false
RDDT,,,,,conservative_keyword_fallback,missing_coingecko_id,"{""reason"": ""No CoinGecko ID available; symbol-only classification is disallowed.""}",false
RED,,,,,conservative_keyword_fallback,missing_coingecko_id,"{""reason"": ""No CoinGecko ID available; symbol-only classification is disallowed.""}",false
RIF,,,,,conservative_keyword_fallback,missing_coingecko_id,"{""reason"": ""No CoinGecko ID available; symbol-only classification is disallowed.""}",false
RKLB,,,,,conservative_keyword_fallback,missing_coingecko_id,"{""reason"": ""No CoinGecko ID available; symbol-only classification is disallowed.""}",false
RNDR,,,,,conservative_keyword_fallback,missing_coingecko_id,"{""reason"": ""No CoinGecko ID available; symbol-only classification is disallowed.""}",false
RONIN,,,,,conservative_keyword_fallback,missing_coingecko_id,"{""reason"": ""No CoinGecko ID available; symbol-only classification is disallowed.""}",false
ROSE,,,,,conservative_keyword_fallback,missing_coingecko_id,"{""reason"": ""No CoinGecko ID available; symbol-only classification is disallowed.""}",false
RUNE,,,,,conservative_keyword_fallback,missing_coingecko_id,"{""reason"": ""No CoinGecko ID available; symbol-only classification is disallowed.""}",false
S,,,,,conservative_keyword_fallback,missing_coingecko_id,"{""reason"": ""No CoinGecko ID available; symbol-only classification is disallowed.""}",false
SAFE,,,,,conservative_keyword_fallback,missing_coingecko_id,"{""reason"": ""No CoinGecko ID available; symbol-only classification is disallowed.""}",false
SAND,,,,,conservative_keyword_fallback,missing_coingecko_id,"{""reason"": ""No CoinGecko ID available; symbol-only classification is disallowed.""}",false
SATS,,,,,conservative_keyword_fallback,missing_coingecko_id,"{""reason"": ""No CoinGecko ID available; symbol-only classification is disallowed.""}",false
SC,,,,,conservative_keyword_fallback,missing_coingecko_id,"{""reason"": ""No CoinGecko ID available; symbol-only classification is disallowed.""}",false
SCR,,,,,conservative_keyword_fallback,missing_coingecko_id,"{""reason"": ""No CoinGecko ID available; symbol-only classification is disallowed.""}",false
SEI,,,,,conservative_keyword_fallback,missing_coingecko_id,"{""reason"": ""No CoinGecko ID available; symbol-only classification is disallowed.""}",false
SENT,,,,,conservative_keyword_fallback,missing_coingecko_id,"{""reason"": ""No CoinGecko ID available; symbol-only classification is disallowed.""}",false
SHELL,,,,,conservative_keyword_fallback,missing_coingecko_id,"{""reason"": ""No CoinGecko ID available; symbol-only classification is disallowed.""}",false
SHIB,,,,,conservative_keyword_fallback,missing_coingecko_id,"{""reason"": ""No CoinGecko ID available; symbol-only classification is disallowed.""}",false
SHIB1000,,,,,conservative_keyword_fallback,missing_coingecko_id,"{""reason"": ""No CoinGecko ID available; symbol-only classification is disallowed.""}",false
SKR,,,,,conservative_keyword_fallback,missing_coingecko_id,"{""reason"": ""No CoinGecko ID available; symbol-only classification is disallowed.""}",false
SKY,,,,,conservative_keyword_fallback,missing_coingecko_id,"{""reason"": ""No CoinGecko ID available; symbol-only classification is disallowed.""}",false
SNDK,,,,,conservative_keyword_fallback,missing_coingecko_id,"{""reason"": ""No CoinGecko ID available; symbol-only classification is disallowed.""}",false
SOLAYER,,,,,conservative_keyword_fallback,missing_coingecko_id,"{""reason"": ""No CoinGecko ID available; symbol-only classification is disallowed.""}",false
SONIC,,,,,conservative_keyword_fallback,missing_coingecko_id,"{""reason"": ""No CoinGecko ID available; symbol-only classification is disallowed.""}",false
SOON,,,,,conservative_keyword_fallback,missing_coingecko_id,"{""reason"": ""No CoinGecko ID available; symbol-only classification is disallowed.""}",false
SOPH,,,,,conservative_keyword_fallback,missing_coingecko_id,"{""reason"": ""No CoinGecko ID available; symbol-only classification is disallowed.""}",false
SOXL,,,,,conservative_keyword_fallback,missing_coingecko_id,"{""reason"": ""No CoinGecko ID available; symbol-only classification is disallowed.""}",false
SOXS,,,,,conservative_keyword_fallback,missing_coingecko_id,"{""reason"": ""No CoinGecko ID available; symbol-only classification is disallowed.""}",false
SPACE,,,,,conservative_keyword_fallback,missing_coingecko_id,"{""reason"": ""No CoinGecko ID available; symbol-only classification is disallowed.""}",false
SPELL,,,,,conservative_keyword_fallback,missing_coingecko_id,"{""reason"": ""No CoinGecko ID available; symbol-only classification is disallowed.""}",false
SPORTFUN,,,,,conservative_keyword_fallback,missing_coingecko_id,"{""reason"": ""No CoinGecko ID available; symbol-only classification is disallowed.""}",false
SQD,,,,,conservative_keyword_fallback,missing_coingecko_id,"{""reason"": ""No CoinGecko ID available; symbol-only classification is disallowed.""}",false
SQQQ,,,,,conservative_keyword_fallback,missing_coingecko_id,"{""reason"": ""No CoinGecko ID available; symbol-only classification is disallowed.""}",false
STABLE,,,,,conservative_keyword_fallback,missing_coingecko_id,"{""reason"": ""No CoinGecko ID available; symbol-only classification is disallowed.""}",false
STBL,,,,,conservative_keyword_fallback,missing_coingecko_id,"{""reason"": ""No CoinGecko ID available; symbol-only classification is disallowed.""}",false
STXSTOCK,,,,,conservative_keyword_fallback,missing_coingecko_id,"{""reason"": ""No CoinGecko ID available; symbol-only classification is disallowed.""}",false
SUPER,,,,,conservative_keyword_fallback,missing_coingecko_id,"{""reason"": ""No CoinGecko ID available; symbol-only classification is disallowed.""}",false
SUSHI,,,,,conservative_keyword_fallback,missing_coingecko_id,"{""reason"": ""No CoinGecko ID available; symbol-only classification is disallowed.""}",false
SYN,,,,,conservative_keyword_fallback,missing_coingecko_id,"{""reason"": ""No CoinGecko ID available; symbol-only classification is disallowed.""}",false
T,,,,,conservative_keyword_fallback,missing_coingecko_id,"{""reason"": ""No CoinGecko ID available; symbol-only classification is disallowed.""}",false
THE,,,,,conservative_keyword_fallback,missing_coingecko_id,"{""reason"": ""No CoinGecko ID available; symbol-only classification is disallowed.""}",false
TNSR,,,,,conservative_keyword_fallback,missing_coingecko_id,"{""reason"": ""No CoinGecko ID available; symbol-only classification is disallowed.""}",false
TON,,,,,conservative_keyword_fallback,missing_coingecko_id,"{""reason"": ""No CoinGecko ID available; symbol-only classification is disallowed.""}",false
TOSHI,,,,,conservative_keyword_fallback,missing_coingecko_id,"{""reason"": ""No CoinGecko ID available; symbol-only classification is disallowed.""}",false
TQQQ,,,,,conservative_keyword_fallback,missing_coingecko_id,"{""reason"": ""No CoinGecko ID available; symbol-only classification is disallowed.""}",false
TREE,,,,,conservative_keyword_fallback,missing_coingecko_id,"{""reason"": ""No CoinGecko ID available; symbol-only classification is disallowed.""}",false
TRUMP,,,,,conservative_keyword_fallback,missing_coingecko_id,"{""reason"": ""No CoinGecko ID available; symbol-only classification is disallowed.""}",false
TRUST,,,,,conservative_keyword_fallback,missing_coingecko_id,"{""reason"": ""No CoinGecko ID available; symbol-only classification is disallowed.""}",false
TRUTH,,,,,conservative_keyword_fallback,missing_coingecko_id,"{""reason"": ""No CoinGecko ID available; symbol-only classification is disallowed.""}",false
TRX,,,,,conservative_keyword_fallback,missing_coingecko_id,"{""reason"": ""No CoinGecko ID available; symbol-only classification is disallowed.""}",false
TSM,,,,,conservative_keyword_fallback,missing_coingecko_id,"{""reason"": ""No CoinGecko ID available; symbol-only classification is disallowed.""}",false
TST,,,,,conservative_keyword_fallback,missing_coingecko_id,"{""reason"": ""No CoinGecko ID available; symbol-only classification is disallowed.""}",false
TSTBSC,,,,,conservative_keyword_fallback,missing_coingecko_id,"{""reason"": ""No CoinGecko ID available; symbol-only classification is disallowed.""}",false
TURBO,,,,,conservative_keyword_fallback,missing_coingecko_id,"{""reason"": ""No CoinGecko ID available; symbol-only classification is disallowed.""}",false
TURTLE,,,,,conservative_keyword_fallback,missing_coingecko_id,"{""reason"": ""No CoinGecko ID available; symbol-only classification is disallowed.""}",false
UAI,,,,,conservative_keyword_fallback,missing_coingecko_id,"{""reason"": ""No CoinGecko ID available; symbol-only classification is disallowed.""}",false
UNH,,,,,conservative_keyword_fallback,missing_coingecko_id,"{""reason"": ""No CoinGecko ID available; symbol-only classification is disallowed.""}",false
UP,,,,,conservative_keyword_fallback,missing_coingecko_id,"{""reason"": ""No CoinGecko ID available; symbol-only classification is disallowed.""}",false
US,,,,,conservative_keyword_fallback,missing_coingecko_id,"{""reason"": ""No CoinGecko ID available; symbol-only classification is disallowed.""}",false
USD1,,,,,conservative_keyword_fallback,missing_coingecko_id,"{""reason"": ""No CoinGecko ID available; symbol-only classification is disallowed.""}",false
USDE,,,,,conservative_keyword_fallback,missing_coingecko_id,"{""reason"": ""No CoinGecko ID available; symbol-only classification is disallowed.""}",false
USELESS,,,,,conservative_keyword_fallback,missing_coingecko_id,"{""reason"": ""No CoinGecko ID available; symbol-only classification is disallowed.""}",false
USTC,,,,,conservative_keyword_fallback,missing_coingecko_id,"{""reason"": ""No CoinGecko ID available; symbol-only classification is disallowed.""}",false
USUAL,,,,,conservative_keyword_fallback,missing_coingecko_id,"{""reason"": ""No CoinGecko ID available; symbol-only classification is disallowed.""}",false
VELO,,,,,conservative_keyword_fallback,missing_coingecko_id,"{""reason"": ""No CoinGecko ID available; symbol-only classification is disallowed.""}",false
VELODROME,,,,,conservative_keyword_fallback,missing_coingecko_id,"{""reason"": ""No CoinGecko ID available; symbol-only classification is disallowed.""}",false
VINE,,,,,conservative_keyword_fallback,missing_coingecko_id,"{""reason"": ""No CoinGecko ID available; symbol-only classification is disallowed.""}",false
W,,,,,conservative_keyword_fallback,missing_coingecko_id,"{""reason"": ""No CoinGecko ID available; symbol-only classification is disallowed.""}",false
WET,,,,,conservative_keyword_fallback,missing_coingecko_id,"{""reason"": ""No CoinGecko ID available; symbol-only classification is disallowed.""}",false
WHITEWHALE,,,,,conservative_keyword_fallback,missing_coingecko_id,"{""reason"": ""No CoinGecko ID available; symbol-only classification is disallowed.""}",false
WIF,,,,,conservative_keyword_fallback,missing_coingecko_id,"{""reason"": ""No CoinGecko ID available; symbol-only classification is disallowed.""}",false
WLFI,,,,,conservative_keyword_fallback,missing_coingecko_id,"{""reason"": ""No CoinGecko ID available; symbol-only classification is disallowed.""}",false
WMT,,,,,conservative_keyword_fallback,missing_coingecko_id,"{""reason"": ""No CoinGecko ID available; symbol-only classification is disallowed.""}",false
WOO,,,,,conservative_keyword_fallback,missing_coingecko_id,"{""reason"": ""No CoinGecko ID available; symbol-only classification is disallowed.""}",false
WTI,,,,,conservative_keyword_fallback,missing_coingecko_id,"{""reason"": ""No CoinGecko ID available; symbol-only classification is disallowed.""}",false
XAG,,,,,conservative_keyword_fallback,missing_coingecko_id,"{""reason"": ""No CoinGecko ID available; symbol-only classification is disallowed.""}",false
XAI,,,,,conservative_keyword_fallback,missing_coingecko_id,"{""reason"": ""No CoinGecko ID available; symbol-only classification is disallowed.""}",false
XAU,,,,,conservative_keyword_fallback,missing_coingecko_id,"{""reason"": ""No CoinGecko ID available; symbol-only classification is disallowed.""}",false
XCU,,,,,conservative_keyword_fallback,missing_coingecko_id,"{""reason"": ""No CoinGecko ID available; symbol-only classification is disallowed.""}",false
XOM,,,,,conservative_keyword_fallback,missing_coingecko_id,"{""reason"": ""No CoinGecko ID available; symbol-only classification is disallowed.""}",false
XPL,,,,,conservative_keyword_fallback,missing_coingecko_id,"{""reason"": ""No CoinGecko ID available; symbol-only classification is disallowed.""}",false
XTZ,,,,,conservative_keyword_fallback,missing_coingecko_id,"{""reason"": ""No CoinGecko ID available; symbol-only classification is disallowed.""}",false
XVG,,,,,conservative_keyword_fallback,missing_coingecko_id,"{""reason"": ""No CoinGecko ID available; symbol-only classification is disallowed.""}",false
YFI,,,,,conservative_keyword_fallback,missing_coingecko_id,"{""reason"": ""No CoinGecko ID available; symbol-only classification is disallowed.""}",false
YZY,,,,,conservative_keyword_fallback,missing_coingecko_id,"{""reason"": ""No CoinGecko ID available; symbol-only classification is disallowed.""}",false
ZEN,,,,,conservative_keyword_fallback,missing_coingecko_id,"{""reason"": ""No CoinGecko ID available; symbol-only classification is disallowed.""}",false
ZKC,,,,,conservative_keyword_fallback,missing_coingecko_id,"{""reason"": ""No CoinGecko ID available; symbol-only classification is disallowed.""}",false
ZKP,,,,,conservative_keyword_fallback,missing_coingecko_id,"{""reason"": ""No CoinGecko ID available; symbol-only classification is disallowed.""}",false
ZRX,,,,,conservative_keyword_fallback,missing_coingecko_id,"{""reason"": ""No CoinGecko ID available; symbol-only classification is disallowed.""}",false
币安人生,,,,,conservative_keyword_fallback,missing_coingecko_id,"{""reason"": ""No CoinGecko ID available; symbol-only classification is disallowed.""}",false
我踏马来了,,,,,conservative_keyword_fallback,missing_coingecko_id,"{""reason"": ""No CoinGecko ID available; symbol-only classification is disallowed.""}",false
龙虾,,,,,conservative_keyword_fallback,missing_coingecko_id,"{""reason"": ""No CoinGecko ID available; symbol-only classification is disallowed.""}",false
