token,coingecko_id,current_price_usd,price_change_24h_pct,volume_24h_usd,market_cap_usd,market_data_as_of,match_status
币安人生,,,,,,,unmatched_no_symbol_candidate
我踏马来了,,,,,,,unmatched_no_symbol_candidate
龙虾,,,,,,,unmatched_no_symbol_candidate
0G,zero-gravity,0.595105,-3.333656594198,15076652.732204079628,126876155.270656377077,2026-04-16T02:17:44+00:00,matched_exact_symbol_unique
1000000BABYDOGE,,,,,,,unmatched_no_symbol_candidate
1000000BOB,,,,,,,unmatched_no_symbol_candidate
1000000CHEEMS,,,,,,,unmatched_ambiguous_symbol_candidates
1000000MOG,og-fan-token,3.14,-0.70852166102,23434892.045625481755,14580540.934321328998,2026-04-16T02:17:40+00:00,matched_stripped_multiplier_unique
10000QUBIC,qubic-network,0.000000786683,1.01634962625,2118780.537644234486,107899989.197824299335,2026-04-16T02:17:44+00:00,matched_stripped_multiplier_unique
10000SATS,,,,,,,unmatched_ambiguous_symbol_candidates
1000BONK,1000bonk,0.00613708,3.000753335938,779924.969168150448,0,2026-04-16T02:15:34+00:00,matched_exact_symbol_unique
1000BTT,1000btt,,,,,1970-01-01T00:00:00+00:00,matched_exact_symbol_unique
1000CAT,1000cat,0.00182553,3.19711641116,801760.599524491583,0,2026-04-16T02:16:49+00:00,matched_exact_symbol_unique
1000CHEEMS,1000chems,0.00050971,0.12391578048,976022.625944399857,0,2026-04-16T02:17:41+00:00,matched_exact_symbol_unique
1000FLOKI,,,,,,,unmatched_ambiguous_symbol_candidates
1000LUNC,,,,,,,unmatched_ambiguous_symbol_candidates
1000NEIROCTO,,,,,,,unmatched_no_symbol_candidate
1000PEPE,,,,,,,unmatched_ambiguous_symbol_candidates
1000RATS,1000rats,,,,,1970-01-01T00:00:00+00:00,matched_exact_symbol_unique
1000SATS,1000sats-ordinals,0.00001418,23.101775079271,8615738.212875349447,0,2026-04-16T02:16:29+00:00,matched_exact_symbol_unique
1000SHIB,1000shib,,,,,1970-01-01T00:00:00+00:00,matched_exact_symbol_unique
1000TAG,tagger,0.00071534,-0.428454773372,7538741.839452058077,77746341.412598118186,2026-04-16T02:17:44+00:00,matched_stripped_multiplier_unique
1000TOSHI,,,,,,,unmatched_ambiguous_symbol_candidates
1000TURBO,,,,,,,unmatched_ambiguous_symbol_candidates
1000XEC,ecash,0.00000711,1.730698847116,3636395.402111595031,142273473.116454869509,2026-04-16T02:17:58+00:00,matched_stripped_multiplier_unique
1INCH,1inch,0.095156,0.430232655626,8056944.649201593362,133638085.177091628313,2026-04-16T02:17:40+00:00,matched_exact_symbol_unique
1MBABYDOGE,1mbabydoge,0.00041463,3.598183152326,732422.163190626889,0,2026-04-16T02:17:52+00:00,matched_exact_symbol_unique
1MCHEEMS,,,,,,,unmatched_ambiguous_symbol_candidates
2Z,doublezero,0.082776,5.022919228252,7919869.94006889686,287348339.256069719791,2026-04-16T02:17:44+00:00,matched_exact_symbol_unique
4,4-2,0.01033444,-4.628194760862,6447244.500744761899,10261550.170873820782,2026-04-16T02:17:44+00:00,matched_exact_symbol_unique
A,vaulta,0.081565,3.697289763755,13697681.592903090641,133380125.682236775756,2026-04-16T02:17:44+00:00,matched_exact_symbol_unique
AAPL,,,,,,,unmatched_no_symbol_candidate
AAVE,aave,106.08,5.408572773956,391312154.573501646519,1608861456.841332912445,2026-04-16T02:17:41+00:00,matched_exact_symbol_unique
ACE,,,,,,,unmatched_ambiguous_symbol_candidates
ACH,alchemy-pay,0.00605156,1.454090848578,4182581.111351497006,29915492.460943900049,2026-04-16T02:17:47+00:00,matched_exact_symbol_unique
ACN,,,,,,,unmatched_no_symbol_candidate
ACT,,,,,,,unmatched_ambiguous_symbol_candidates
ACU,acurast,0.08853,-8.362616699761,3426194.169330134522,21481643.535548489541,2026-04-16T02:17:42+00:00,matched_exact_symbol_unique
ACX,across-protocol,0.044336,2.299899003689,3196834.572684391402,31191007.925506215543,2026-04-16T02:17:41+00:00,matched_exact_symbol_unique
ADA,,,,,,,unmatched_ambiguous_symbol_candidates
AERGO,aergo,0.054696,0.55939814785,2635403.20383980684,25888700.941471666098,2026-04-16T02:17:43+00:00,matched_exact_symbol_unique
AERO,aerodrome-finance,0.374909,1.51629677726,13705301.433406943455,345634394.924850583076,2026-04-16T02:17:44+00:00,matched_exact_symbol_unique
AEVO,aevo-exchange,0.02437636,6.200983892761,7200754.104144512676,22316155.135420050472,2026-04-16T02:17:56+00:00,matched_exact_symbol_unique
AGI,,,,,,,unmatched_ambiguous_symbol_candidates
AGLD,adventure-gold,0.265697,7.049331255318,14174788.272251844406,23236230.116806339473,2026-04-16T02:17:41+00:00,matched_exact_symbol_unique
AGT,,,,,,,unmatched_ambiguous_symbol_candidates
AI,,,,,,,unmatched_ambiguous_symbol_candidates
AI16Z,ai16z,0.00052847,0.905206471243,17166.111675067692,581874.894224819611,2026-04-16T02:17:31+00:00,matched_exact_symbol_unique
AIA,aia,0.088228,-11.065809017808,16878817.491055104882,8778718.263635665178,2026-04-16T02:17:44+00:00,matched_exact_symbol_unique
AIN,,,,,,,unmatched_ambiguous_symbol_candidates
AIO,,,,,,,unmatched_ambiguous_symbol_candidates
AIOT,okzoo,0.061095,6.966577651805,4192425.070508271456,16044814.133085144684,2026-04-16T02:17:43+00:00,matched_exact_symbol_unique
AIOZ,aioz-network,0.059046,3.18972534724,2547824.96767113544,73552239.394915491343,2026-04-16T02:17:41+00:00,matched_exact_symbol_unique
AIXBT,aixbt,0.0271665,12.142066149589,12772078.42374990508,26752317.180287852883,2026-04-16T02:17:43+00:00,matched_exact_symbol_unique
AKE,akedo,0.0009441,29.631776900466,4566245.200051693246,21521906.600501667708,2026-04-16T02:17:44+00:00,matched_exact_symbol_unique
AKT,,,,,,,unmatched_ambiguous_symbol_candidates
ALCH,alchemist-ai,0.088638,37.19498366197,32205456.471379481256,75118455.552181005478,2026-04-16T02:17:43+00:00,matched_exact_symbol_unique
ALGO,,,,,,,unmatched_ambiguous_symbol_candidates
ALICE,,,,,,,unmatched_ambiguous_symbol_candidates
ALL,,,,,,,unmatched_ambiguous_symbol_candidates
ALLO,allora,0.110021,-0.248222335341,5140275.314578325488,24656310.022025890648,2026-04-16T02:17:45+00:00,matched_exact_symbol_unique
ALPINE,alpine-f1-team-fan-token,0.423371,-0.772470390531,4427910.99774396047,4808185.319314342923,2026-04-16T02:17:40+00:00,matched_exact_symbol_unique
ALT,,,,,,,unmatched_ambiguous_symbol_candidates
AMAT,,,,,,,unmatched_no_symbol_candidate
AMD,,,,,,,unmatched_no_symbol_candidate
AMZN,,,,,,,unmatched_no_symbol_candidate
ANIME,,,,,,,unmatched_ambiguous_symbol_candidates
ANKR,ankr,0.00511225,0.170498001666,13071902.142127899453,51209213.207201257348,2026-04-16T02:17:43+00:00,matched_exact_symbol_unique
APE,,,,,,,unmatched_ambiguous_symbol_candidates
APEX,,,,,,,unmatched_ambiguous_symbol_candidates
API3,api3,0.300751,6.21758091711,5639415.828885204159,42733015.321549929678,2026-04-16T02:17:40+00:00,matched_exact_symbol_unique
APP,moon-app,0.00004875,,9.636203742295,96818.26503599131,2026-04-10T21:47:03+00:00,matched_exact_symbol_unique
APR,apriori,0.2339,-15.956271713253,24172610.095015700907,50428359.411684535444,2026-04-16T02:17:44+00:00,matched_exact_symbol_unique
APT,aptos,0.893701,3.374095469649,70400230.718337461352,719816977.199985265732,2026-04-16T02:17:41+00:00,matched_exact_symbol_unique
AR,arweave,1.96,10.735597506785,35443383.682365335524,128595775.431034147739,2026-04-16T02:17:43+00:00,matched_exact_symbol_unique
ARB,,,,,,,unmatched_ambiguous_symbol_candidates
ARC,,,,,,,unmatched_ambiguous_symbol_candidates
ARIA,,,,,,,unmatched_ambiguous_symbol_candidates
ARK,,,,,,,unmatched_ambiguous_symbol_candidates
ARKM,arkham,0.112522,11.43495006058,32023444.964086800814,67903074.770509615541,2026-04-16T02:17:42+00:00,matched_exact_symbol_unique
ARM,,,,,,,unmatched_no_symbol_candidate
ARPA,arpa,0.00954013,1.734015334249,3531067.99769607652,9370362.271941378713,2026-04-16T02:17:53+00:00,matched_exact_symbol_unique
ASML,,,,,,,unmatched_no_symbol_candidate
ASP,aspecta,0.0285711,8.465650417193,802319.696387889911,8752776.587675906718,2026-04-16T02:17:44+00:00,matched_exact_symbol_unique
ASR,as-roma-fan-token,1.31,2.510472934752,4517268.096677102149,11027899.441349372268,2026-04-16T02:17:40+00:00,matched_exact_symbol_unique
ASTER,,,,,,,unmatched_ambiguous_symbol_candidates
ASTR,,,,,,,unmatched_ambiguous_symbol_candidates
AT,apro,0.170124,-0.686924254153,5379769.743680789135,39173110.051710233092,2026-04-16T02:17:44+00:00,matched_exact_symbol_unique
ATA,,,,,,,unmatched_ambiguous_symbol_candidates
ATH,,,,,,,unmatched_ambiguous_symbol_candidates
ATOM,,,,,,,unmatched_ambiguous_symbol_candidates
AUCTION,,,,,,,unmatched_ambiguous_symbol_candidates
AVA,,,,,,,unmatched_ambiguous_symbol_candidates
AVAAI,,,,,,,unmatched_no_symbol_candidate
AVAX,,,,,,,unmatched_ambiguous_symbol_candidates
AVGO,,,,,,,unmatched_no_symbol_candidate
AVNT,avantis,0.133512,2.254804944822,20133457.158652685583,42718416.600326389074,2026-04-16T02:17:56+00:00,matched_exact_symbol_unique
AWE,stp-network,0.054004,3.330506321345,5450526.204971261322,104895458.198740512133,2026-04-16T02:17:45+00:00,matched_exact_symbol_unique
AXL,axelar,0.04921606,7.309248697274,15308980.892123125494,56454108.915396213531,2026-04-16T02:17:41+00:00,matched_exact_symbol_unique
AXS,axie-infinity,1.13,2.036834379445,22562394.364963188767,192246843.717444479465,2026-04-16T02:17:40+00:00,matched_exact_symbol_unique
AZTEC,aztec,0.02327683,9.730176338417,8662718.026387186721,68971833.276828825474,2026-04-16T02:17:49+00:00,matched_exact_symbol_unique
B,,,,,,,unmatched_ambiguous_symbol_candidates
B2,bsquared-network,0.641298,-5.241891465464,6889324.932885931805,26651646.623319070786,2026-04-16T02:17:44+00:00,matched_exact_symbol_unique
B3,b3,0.00030585,-0.364228652475,1151723.931373070693,28420425.059253599495,2026-04-16T02:17:43+00:00,matched_exact_symbol_unique
BA,,,,,,,unmatched_no_symbol_candidate
BABA,baba,0.00001803,-0.922590521235,36.063422497018,18029.106168393588,2026-04-15T14:00:41+00:00,matched_exact_symbol_unique
BABY,,,,,,,unmatched_ambiguous_symbol_candidates
BADGER,,,,,,,unmatched_ambiguous_symbol_candidates
BAN,,,,,,,unmatched_ambiguous_symbol_candidates
BANANA,,,,,,,unmatched_ambiguous_symbol_candidates
BANANAS31,banana-for-scale-2,0.00993589,-6.177367569269,10042367.464886806905,99562230.849003300071,2026-04-16T02:17:43+00:00,matched_exact_symbol_unique
BAND,band-protocol,0.215237,4.786403097419,2996060.518788485322,37487738.656383626163,2026-04-16T02:17:45+00:00,matched_exact_symbol_unique
BANK,,,,,,,unmatched_ambiguous_symbol_candidates
BARD,lombard-protocol,0.319192,3.88527825539,503062386.560993790627,96355955.542784571648,2026-04-16T02:17:44+00:00,matched_exact_symbol_unique
BAS,bas,0.00710711,2.946740697158,3377011.758904156275,17752664.690754637122,2026-04-16T02:17:44+00:00,matched_exact_symbol_unique
BASED,based-one,0.088886,15.878754688938,63598734.267732962966,20930262.660656120628,2026-04-16T02:17:45+00:00,matched_override_map
BAT,,,,,,,unmatched_ambiguous_symbol_candidates
BB,,,,,,,unmatched_ambiguous_symbol_candidates
BCH,,,,,,,unmatched_ambiguous_symbol_candidates
BEAM,,,,,,,unmatched_ambiguous_symbol_candidates
BEAMX,,,,,,,unmatched_no_symbol_candidate
BEAT,,,,,,,unmatched_ambiguous_symbol_candidates
BEL,,,,,,,unmatched_ambiguous_symbol_candidates
BERA,berachain-bera,0.405181,1.438881976033,18971253.478928253055,99329972.995981425047,2026-04-16T02:17:43+00:00,matched_exact_symbol_unique
BGB,bitget-token,1.91,0.102732993557,20366770.346154667437,1334729764.26421713829,2026-04-16T02:17:40+00:00,matched_exact_symbol_unique
BICO,biconomy,0.02179494,3.977984635436,3552911.632489773445,15831403.543448826298,2026-04-16T02:17:41+00:00,matched_exact_symbol_unique
BIGTIME,big-time,0.01324595,1.906794455581,8119138.8269657325,25262012.605658080429,2026-04-16T02:17:42+00:00,matched_exact_symbol_unique
BIO,,,,,,,unmatched_ambiguous_symbol_candidates
BIRB,,,,,,,unmatched_ambiguous_symbol_candidates
BLAST,,,,,,,unmatched_ambiguous_symbol_candidates
BLESS,bless-2,0.01095845,-58.054254529708,70379128.089636713266,20520742.638581778854,2026-04-16T02:17:44+00:00,matched_exact_symbol_unique
BLUAI,bluwhale,0.0088837,-0.08854460631,1687537.638152585598,10894355.386171201244,2026-04-16T02:17:45+00:00,matched_exact_symbol_unique
BLUR,blur,0.02875347,41.308843623602,93431733.417789265513,77736108.670786499977,2026-04-16T02:17:54+00:00,matched_exact_symbol_unique
BLZ,bluzelle,0.00930345,-0.465153571182,206786.630776956154,4364731.223241843283,2026-04-16T02:17:13+00:00,matched_exact_symbol_unique
BMT,,,,,,,unmatched_ambiguous_symbol_candidates
BNB,,,,,,,unmatched_ambiguous_symbol_candidates
BNT,bancor,0.30973,1.394609534748,214012.169398105034,33633227.972180239856,2026-04-16T02:17:45+00:00,matched_exact_symbol_unique
BOB,,,,,,,unmatched_ambiguous_symbol_candidates
BOBA,,,,,,,unmatched_ambiguous_symbol_candidates
BOBBOB,,,,,,,unmatched_no_symbol_candidate
BOME,book-of-meme,0.00048058,15.646489945195,16431901.101362243295,33138062.21571232751,2026-04-16T02:17:43+00:00,matched_exact_symbol_unique
BONK,,,,,,,unmatched_ambiguous_symbol_candidates
BR,bedrock-token,0.238159,28.526385102868,17701267.546312585473,60011389.826925992966,2026-04-16T02:17:43+00:00,matched_exact_symbol_unique
BRETT,,,,,,,unmatched_ambiguous_symbol_candidates
BREV,brevis,0.124131,1.910057895885,11444958.954928690568,31006272.638278774917,2026-04-16T02:17:45+00:00,matched_exact_symbol_unique
BROCCOLI,,,,,,,unmatched_ambiguous_symbol_candidates
BROCCOLI714,,,,,,,unmatched_no_symbol_candidate
BROCCOLIF3B,,,,,,,unmatched_no_symbol_candidate
BSB,block-street,0.244718,6.814696060303,8265747.553881753236,52349589.566513098776,2026-04-16T02:17:40+00:00,matched_override_map
BSU,baby-shark-universe,0.04362775,5.235649814328,414939.922617013741,7329461.679997682571,2026-04-16T02:17:44+00:00,matched_exact_symbol_unique
BSV,bitcoin-cash-sv,15.58,0.584522434543,6690218.011760185473,311576929.696762025356,2026-04-16T02:17:53+00:00,matched_exact_symbol_unique
BTC,bitcoin,74689,0.147106435005,39237057849.782241821289,1495029328668.218017578125,2026-04-16T02:17:57+00:00,matched_override_map
BTCDOM,,,,,,,unmatched_no_symbol_candidate
BTR,,,,,,,unmatched_ambiguous_symbol_candidates
BULLA,,,,,,,unmatched_ambiguous_symbol_candidates
BZ,,,,,,,unmatched_no_symbol_candidate
C,,,,,,,unmatched_ambiguous_symbol_candidates
C98,coin98,0.01960269,2.40170135005,4298059.409420303069,19594870.087059456855,2026-04-16T02:17:41+00:00,matched_exact_symbol_unique
CAKE,pancakeswap-token,1.59,0.305259814667,37735122.473436795175,522583774.14388525486,2026-04-16T02:17:40+00:00,matched_exact_symbol_unique
CAMP,camp-network,0.00202736,-1.786455665279,2337579.852447881363,4257451.690314351581,2026-04-16T02:17:38+00:00,matched_exact_symbol_unique
CANTO,canto,0.00135793,-0.002971910178,10.864807144534,826255.458098766627,2026-04-15T10:53:48+00:00,matched_exact_symbol_unique
CARV,carv,0.054275,0.853362064221,3140838.664007309359,29135542.078252915293,2026-04-16T02:17:42+00:00,matched_exact_symbol_unique
CATI,catizen,0.04918044,1.744558582851,4050217.565341477282,20223837.247964307666,2026-04-16T02:17:48+00:00,matched_exact_symbol_unique
CC,,,,,,,unmatched_ambiguous_symbol_candidates
CELO,celo,0.08337,4.059689654267,3019992.632159206551,49935442.00510957092,2026-04-16T02:17:40+00:00,matched_exact_symbol_unique
CELR,celer-network,0.0024754,1.602882095187,1879496.356231671292,13971771.410623718053,2026-04-16T02:17:43+00:00,matched_exact_symbol_unique
CETUS,cetus-protocol,0.02016936,1.552860847212,2128371.166732789483,18833225.914536584169,2026-04-16T02:17:41+00:00,matched_exact_symbol_unique
CFG,centrifuge,0.20631,1.68391144976,278147.649876432202,0,2026-04-16T02:16:01+00:00,matched_override_map
CFX,,,,,,,unmatched_ambiguous_symbol_candidates
CGPT,chaingpt,0.02122225,0.968953473535,5730849.775564587675,19506661.311427891254,2026-04-16T02:17:42+00:00,matched_exact_symbol_unique
CHILLGUY,,,,,,,unmatched_ambiguous_symbol_candidates
CHR,,,,,,,unmatched_ambiguous_symbol_candidates
CHZ,chiliz,0.04236309,15.725681496641,146475372.804106861353,436246173.898599386215,2026-04-16T02:17:45+00:00,matched_exact_symbol_unique
CKB,nervos-network,0.00149942,0.726132956363,4041439.682629023213,72820344.234452739358,2026-04-16T02:17:45+00:00,matched_exact_symbol_unique
CL,,,,,,,unmatched_no_symbol_candidate
CLANKER,,,,,,,unmatched_ambiguous_symbol_candidates
CLO,,,,,,,unmatched_ambiguous_symbol_candidates
CLOUD,,,,,,,unmatched_ambiguous_symbol_candidates
COAI,chainopera-ai,0.407553,-2.831304801129,27556309.599440462887,77309619.489462599158,2026-04-16T02:17:44+00:00,matched_exact_symbol_unique
COIN,,,,,,,unmatched_ambiguous_symbol_candidates
COLLECT,,,,,,,unmatched_ambiguous_symbol_candidates
COMP,compound-governance-token,22.83,5.748845367711,26561206.395461868495,220531228.773644268513,2026-04-16T02:17:49+00:00,matched_exact_symbol_unique
COOKIE,,,,,,,unmatched_ambiguous_symbol_candidates
COP,copiosa,0.00027878,-2.055888868236,20908.734603639739,0,2026-04-16T02:17:37+00:00,matched_exact_symbol_unique
COPPER,,,,,,,unmatched_ambiguous_symbol_candidates
CORE,,,,,,,unmatched_ambiguous_symbol_candidates
COS,,,,,,,unmatched_ambiguous_symbol_candidates
COST,costco-hot-dog,0.00023379,0.58070080485,56.785381540784,221989.414485274552,2026-04-16T02:17:18+00:00,matched_exact_symbol_unique
COTI,coti,0.0140613,4.021244730795,4145880.82307471754,38938869.688476361334,2026-04-16T02:17:42+00:00,matched_exact_symbol_unique
COW,,,,,,,unmatched_ambiguous_symbol_candidates
CRCL,just-a-circle,0.00002491,0.866080864381,3.40064775046,24901.323842572132,2026-04-16T02:16:54+00:00,matched_exact_symbol_unique
CRO,,,,,,,unmatched_ambiguous_symbol_candidates
CROSS,cross-2,0.074428,-1.212195476115,3124000.39218990691,24946217.812109339982,2026-04-16T02:17:44+00:00,matched_exact_symbol_unique
CRV,,,,,,,unmatched_ambiguous_symbol_candidates
CRWV,,,,,,,unmatched_no_symbol_candidate
CSCO,,,,,,,unmatched_no_symbol_candidate
CTC,creditcoin-2,0.148039,1.778182855053,2724225.417617642321,79297065.997863024473,2026-04-16T02:17:53+00:00,matched_exact_symbol_unique
CTK,certik,0.177665,1.569818534768,1098570.920886843931,28005906.673820145428,2026-04-16T02:17:41+00:00,matched_exact_symbol_unique
CTSI,cartesi,0.04237774,31.61020284614,76115963.715569227934,38648671.955713704228,2026-04-16T02:17:40+00:00,matched_exact_symbol_unique
CVC,civic,0.0305115,1.892635637584,1965249.093635025434,24456688.716542594135,2026-04-16T02:17:45+00:00,matched_exact_symbol_unique
CVX,convex-finance,1.79,0.578646045499,5073638.845898592845,160879474.250476568937,2026-04-16T02:17:55+00:00,matched_exact_symbol_unique
CYBER,,,,,,,unmatched_ambiguous_symbol_candidates
CYS,cysic,0.38435,17.68745190541,36327247.107212841511,64181745.147886618972,2026-04-16T02:17:45+00:00,matched_exact_symbol_unique
D,,,,,,,unmatched_ambiguous_symbol_candidates
DAM,,,,,,,unmatched_ambiguous_symbol_candidates
DASH,,,,,,,unmatched_ambiguous_symbol_candidates
DBR,,,,,,,unmatched_ambiguous_symbol_candidates
DEEP,,,,,,,unmatched_ambiguous_symbol_candidates
DEGEN,,,,,,,unmatched_ambiguous_symbol_candidates
DEGO,dego-finance,0.281496,3.92772359974,3076435.616570271086,5911414.750102641992,2026-04-16T02:17:41+00:00,matched_exact_symbol_unique
DENT,dent,0.0001588,1.369081392419,4408000.286264829338,15181048.940285108984,2026-04-16T02:17:41+00:00,matched_exact_symbol_unique
DEXE,dexe,11.93,0.395075097357,35747814.473504684865,558576166.167649269104,2026-04-16T02:17:40+00:00,matched_exact_symbol_unique
DIA,dia-data,0.176649,-0.785237941665,1606631.786677747965,21139609.308338847011,2026-04-16T02:17:40+00:00,matched_exact_symbol_unique
DODOX,,,,,,,unmatched_no_symbol_candidate
DOG,,,,,,,unmatched_ambiguous_symbol_candidates
DOGE,,,,,,,unmatched_ambiguous_symbol_candidates
DOGS,,,,,,,unmatched_ambiguous_symbol_candidates
DOLO,dolomite,0.03328671,4.107395108776,3999433.60988033656,15399576.712184628472,2026-04-16T02:17:43+00:00,matched_exact_symbol_unique
DOOD,doodles,0.00326888,6.228979028655,12057849.276687076315,25436955.996630694717,2026-04-16T02:17:43+00:00,matched_exact_symbol_unique
DOT,,,,,,,unmatched_ambiguous_symbol_candidates
DRIFT,drift-protocol,0.04203545,-6.298743002582,8458773.540885688737,25698492.300825245678,2026-04-16T02:17:44+00:00,matched_exact_symbol_unique
DUSK,dusk-network,0.150853,3.699389388362,14308997.207082509995,75393870.833664193749,2026-04-16T02:17:43+00:00,matched_exact_symbol_unique
DYDX,,,,,,,unmatched_ambiguous_symbol_candidates
DYM,dymension,0.01833592,7.134754355164,17503860.207106936723,9280107.759492209181,2026-04-16T02:17:42+00:00,matched_exact_symbol_unique
EDEN,,,,,,,unmatched_ambiguous_symbol_candidates
EDGE,edgex,1.13,10.94063450713,16704567.1398118902,394874533.925741791725,2026-04-16T02:17:40+00:00,matched_override_map
EDU,edu-coin,0.0466442,0.399670331298,9350013.282880309969,34294047.604858197272,2026-04-16T02:17:41+00:00,matched_exact_symbol_unique
EGLD,elrond-erd-2,4.12,9.104924048326,11510380.047955859452,122459858.407882735133,2026-04-16T02:17:40+00:00,matched_exact_symbol_unique
EIGEN,eigenlayer,0.173252,7.480879577805,16878235.334820628166,119753340.393052205443,2026-04-16T02:17:42+00:00,matched_exact_symbol_unique
ELSA,elsa,0.071243,5.350332292521,4002393.126440427266,16327870.006227502599,2026-04-16T02:17:45+00:00,matched_exact_symbol_unique
ENA,ethena,0.100141,1.795380439038,88909371.785907521844,874880052.953077077866,2026-04-16T02:17:42+00:00,matched_exact_symbol_unique
ENJ,enjincoin,0.090621,50.970206646192,703071625.797436356544,180681623.171903252602,2026-04-16T02:17:40+00:00,matched_exact_symbol_unique
ENS,ethereum-name-service,5.93,2.144781582901,15724252.554525170475,227582274.751477152109,2026-04-16T02:17:59+00:00,matched_exact_symbol_unique
ENSO,enso,0.874945,2.554247988052,24024154.315640501678,18020388.408621959388,2026-04-16T02:17:44+00:00,matched_exact_symbol_unique
EPIC,,,,,,,unmatched_ambiguous_symbol_candidates
ERA,,,,,,,unmatched_ambiguous_symbol_candidates
ES,eclipse-3,0.161167,2.482853542644,3486059.687860499136,24198622.381313100457,2026-04-16T02:17:44+00:00,matched_exact_symbol_unique
ESP,,,,,,,unmatched_ambiguous_symbol_candidates
ESPORTS,yooldo-games,0.402122,0.612323310172,2772233.874504760839,61034717.114557906985,2026-04-16T02:17:45+00:00,matched_exact_symbol_unique
ETC,ethereum-classic,8.46,1.203821855609,30293241.63733170554,1322178687.579399108887,2026-04-16T02:17:43+00:00,matched_exact_symbol_unique
ETH,,,,,,,unmatched_ambiguous_symbol_candidates
ETHBTC,,,,,,,unmatched_no_symbol_candidate
ETHFI,ether-fi,0.456353,6.660502489648,32675317.911802820861,359528920.909028291702,2026-04-16T02:17:42+00:00,matched_exact_symbol_unique
ETHW,ethereum-pow-iou,0.281349,8.794293586238,4224219.028219204396,30210782.219309132546,2026-04-16T02:17:41+00:00,matched_exact_symbol_unique
EUL,euler,1.19,7.783740514496,7648727.291905400343,28709099.03886725381,2026-04-16T02:17:52+00:00,matched_exact_symbol_unique
EUR,,,,,,,unmatched_no_symbol_candidate
EVAA,evaa-protocol,0.724807,-11.815798517996,1886238.693391509121,4805929.126847072504,2026-04-16T02:17:40+00:00,matched_exact_symbol_unique
EWH,,,,,,,unmatched_no_symbol_candidate
EWJ,,,,,,,unmatched_no_symbol_candidate
EWT,energy-web-token,0.432101,-0.715782383379,320483.773200788652,26161312.498181074858,2026-04-16T02:17:47+00:00,matched_exact_symbol_unique
EWY,,,,,,,unmatched_no_symbol_candidate
F,,,,,,,unmatched_ambiguous_symbol_candidates
FARTCOIN,,,,,,,unmatched_ambiguous_symbol_candidates
"FARTCOIN,RAYDIUM,9BB6NFECJBCTNNLFKO2FQVQBQ8HHM13KCYYCDQBGPUMP",,,,,,,unmatched_no_symbol_candidate
FET,fetch-ai,0.228387,-0.023026126043,65687000.125017650425,515682734.167755186558,2026-04-16T02:17:44+00:00,matched_exact_symbol_unique
FF,,,,,,,unmatched_ambiguous_symbol_candidates
FHE,mind-network,0.01829294,-2.95817015997,2887560.399689238053,4555265.169027567841,2026-04-16T02:17:44+00:00,matched_exact_symbol_unique
FIDA,bonfida,0.01736752,3.913725086686,12709869.232594549656,17232731.155548471957,2026-04-16T02:17:40+00:00,matched_exact_symbol_unique
FIGHT,,,,,,,unmatched_ambiguous_symbol_candidates
FIL,,,,,,,unmatched_ambiguous_symbol_candidates
FIO,fio-protocol,0.00252217,-18.429446757198,3716476.152523600962,2133747.293301972095,2026-04-16T02:17:34+00:00,matched_exact_symbol_unique
FLOCK,,,,,,,unmatched_ambiguous_symbol_candidates
FLOKI,,,,,,,unmatched_ambiguous_symbol_candidates
FLOW,,,,,,,unmatched_ambiguous_symbol_candidates
FLR,flare-networks,0.00813701,1.531318029202,2980383.853710674681,696628697.033134579659,2026-04-16T02:17:41+00:00,matched_exact_symbol_unique
FLUID,instadapp,1.66,3.533809390271,2038778.555099166231,129258376.35114377737,2026-04-16T02:17:40+00:00,matched_exact_symbol_unique
FLUX,,,,,,,unmatched_ambiguous_symbol_candidates
FLY,,,,,,,unmatched_ambiguous_symbol_candidates
FOGO,fogo,0.01914639,2.504172387054,4868455.063454687595,72883456.688322022557,2026-04-16T02:17:44+00:00,matched_exact_symbol_unique
FOLKS,folks,1.38,-0.190711996225,5705250.369700473733,19537135.810173042119,2026-04-16T02:17:44+00:00,matched_exact_symbol_unique
FORM,,,,,,,unmatched_ambiguous_symbol_candidates
FRAX,,,,,,,unmatched_ambiguous_symbol_candidates
FRIEND,friend-tech,0.00461092,6.530939209061,47.352174601391,437507.787768645969,2026-04-16T01:05:51+00:00,matched_exact_symbol_unique
FTM,fantom,0.04544067,0.755356441591,1011.88046229374,0,2026-04-16T02:17:07+00:00,matched_exact_symbol_unique
FTT,ftx-token,0.295789,1.222512960286,3132435.535945391282,0,2026-04-16T02:17:33+00:00,matched_exact_symbol_unique
FUTU,,,,,,,unmatched_no_symbol_candidate
FXS,,,,,,,unmatched_no_symbol_candidate
G,,,,,,,unmatched_ambiguous_symbol_candidates
GALA,gala,0.00313557,4.977118528462,35953668.870139658451,149366383.984861046076,2026-04-16T02:17:40+00:00,matched_exact_symbol_unique
GAS,,,,,,,unmatched_ambiguous_symbol_candidates
GE,,,,,,,unmatched_no_symbol_candidate
GIGA,,,,,,,unmatched_ambiguous_symbol_candidates
GIGGLE,giggle-fund,36.16,-32.013221468105,72345164.417320355773,36739664.683213017881,2026-04-16T02:17:44+00:00,matched_exact_symbol_unique
GLM,golem,0.128075,1.611261631342,5317015.49272520747,128071992.728455707431,2026-04-16T02:17:43+00:00,matched_exact_symbol_unique
GME,,,,,,,unmatched_ambiguous_symbol_candidates
GMT,,,,,,,unmatched_ambiguous_symbol_candidates
GMX,gmx,6.12,-0.108729498899,5407401.100566719659,63530446.226171374321,2026-04-16T02:17:43+00:00,matched_exact_symbol_unique
GNO,,,,,,,unmatched_ambiguous_symbol_candidates
GOAT,,,,,,,unmatched_ambiguous_symbol_candidates
GODS,,,,,,,unmatched_ambiguous_symbol_candidates
GOOGL,,,,,,,unmatched_no_symbol_candidate
GPS,goplus-security,0.00852443,-4.53474479915,3453185.86190578714,37575462.328975297511,2026-04-16T02:17:43+00:00,matched_exact_symbol_unique
GRASS,,,,,,,unmatched_ambiguous_symbol_candidates
GRIFFAIN,griffain,0.01304402,-9.337924359061,2730990.33999453159,13045515.348040033132,2026-04-16T02:17:43+00:00,matched_exact_symbol_unique
GRT,the-graph,0.02512367,4.174520663052,13322357.164970671758,269711712.097604751587,2026-04-16T02:17:45+00:00,matched_exact_symbol_unique
GTC,,,,,,,unmatched_ambiguous_symbol_candidates
GUA,,,,,,,unmatched_ambiguous_symbol_candidates
GUN,gunz,0.01574258,1.399436448753,6503809.012167494744,27235590.56120031327,2026-04-16T02:17:43+00:00,matched_exact_symbol_unique
GWEI,ethgas-2,0.065908,1.063716254493,7051211.295074368827,138836835.071181446314,2026-04-16T02:17:45+00:00,matched_exact_symbol_unique
H,,,,,,,unmatched_ambiguous_symbol_candidates
HAEDAL,haedal,0.0290333,0.78531422562,3481323.499707252719,5659106.06537564937,2026-04-16T02:17:44+00:00,matched_exact_symbol_unique
HANA,,,,,,,unmatched_ambiguous_symbol_candidates
HBAR,hedera-hashgraph,0.087009,1.604450639986,67204794.094602614641,3768348845.323127746582,2026-04-16T02:17:42+00:00,matched_exact_symbol_unique
HEI,heima,0.084034,-4.622805685682,2173240.671866921708,7403079.687307938002,2026-04-16T02:17:43+00:00,matched_exact_symbol_unique
HEMI,hemi,0.00757098,-5.175856957351,12383763.561903059483,7400631.491417733952,2026-04-16T02:17:44+00:00,matched_exact_symbol_unique
HFT,hashflow,0.0135494,2.257598068381,2651741.175709273666,10632961.048126969486,2026-04-16T02:17:42+00:00,matched_exact_symbol_unique
HIGH,,,,,,,unmatched_ambiguous_symbol_candidates
HIPPO,sudeng,0.0001699,3.287729653,917279.992905383115,1699098.415413720999,2026-04-16T02:17:16+00:00,matched_exact_symbol_unique
HIVE,,,,,,,unmatched_ambiguous_symbol_candidates
HMSTR,hamster-kombat,0.0001496,1.570712163576,2978414.556612590794,9624664.568786362186,2026-04-16T02:17:42+00:00,matched_exact_symbol_unique
HNT,helium,1.043,3.57091484957,3339476.285897403024,191971513.505486935377,2026-04-16T02:17:43+00:00,matched_exact_symbol_unique
HOLO,,,,,,,unmatched_ambiguous_symbol_candidates
HOME,home,0.01830589,-2.448397177584,3275860.982619326096,64409190.702623426914,2026-04-16T02:17:44+00:00,matched_exact_symbol_unique
HOOD,hood,0.00000348,,128.633634441049,2742.242577219125,2026-04-09T08:49:51+00:00,matched_exact_symbol_unique
HOT,holotoken,0.00040939,2.464379175298,4076428.466921085026,72680889.881563007832,2026-04-16T02:17:42+00:00,matched_exact_symbol_unique
HPOS,,,,,,,unmatched_no_symbol_candidate
HPOS10I,,,,,,,unmatched_no_symbol_candidate
HUMA,huma-finance,0.01773852,1.152061415551,10557027.843746574596,30632301.625856209546,2026-04-16T02:17:41+00:00,matched_exact_symbol_unique
HYPE,,,,,,,unmatched_ambiguous_symbol_candidates
HYPER,,,,,,,unmatched_ambiguous_symbol_candidates
IBM,,,,,,,unmatched_no_symbol_candidate
ICNT,impossible-cloud-network-token,0.347319,19.551677648368,9470428.371142081916,87924244.49748839438,2026-04-16T02:17:47+00:00,matched_exact_symbol_unique
ICP,internet-computer,2.52,4.190192201696,41299734.022439606488,1389044438.425096750259,2026-04-16T02:17:40+00:00,matched_exact_symbol_unique
ICX,icon,0.03867624,4.785120838085,1128764.597577381181,42093172.407516732812,2026-04-16T02:17:40+00:00,matched_exact_symbol_unique
ID,,,,,,,unmatched_ambiguous_symbol_candidates
IDOL,meet48,0.02163239,-0.940105460666,5838981.960854833014,38547135.265076823533,2026-04-16T02:17:44+00:00,matched_exact_symbol_unique
ILV,illuvium,4.29,1.44740779651,3268761.944876840338,35580988.106600888073,2026-04-16T02:17:59+00:00,matched_exact_symbol_unique
IMX,immutable-x,0.162421,9.264629463151,21640874.149695500731,136776058.419550359249,2026-04-16T02:17:49+00:00,matched_exact_symbol_unique
IN,,,,,,,unmatched_ambiguous_symbol_candidates
INDA,,,,,,,unmatched_no_symbol_candidate
INIT,,,,,,,unmatched_ambiguous_symbol_candidates
INJ,injective-protocol,3.26,8.469739841302,90107708.801710009575,324267619.348906695843,2026-04-16T02:17:40+00:00,matched_exact_symbol_unique
INTC,,,,,,,unmatched_no_symbol_candidate
INX,,,,,,,unmatched_ambiguous_symbol_candidates
IO,io,0.104297,1.252704939016,7429484.062138318084,33091776.632032837719,2026-04-16T02:17:42+00:00,matched_exact_symbol_unique
IOST,iostoken,0.00111166,-6.208308212434,17588241.188038744032,36361217.089666008949,2026-04-16T02:17:53+00:00,matched_exact_symbol_unique
IOTA,iota,0.056257,1.897190553161,7173840.991404932924,246506972.843726336956,2026-04-16T02:17:44+00:00,matched_exact_symbol_unique
IOTX,,,,,,,unmatched_ambiguous_symbol_candidates
IP,story-2,0.503827,0.487908133442,25495820.544616121799,177902225.070656210184,2026-04-16T02:17:44+00:00,matched_exact_symbol_unique
IR,infrared-finance,0.04528127,-5.278933184624,6842708.510331532918,9282937.410863069817,2026-04-16T02:17:45+00:00,matched_exact_symbol_unique
IRYS,irys,0.02951072,4.989806595852,9059456.10988804698,59191483.94623439759,2026-04-16T02:17:45+00:00,matched_exact_symbol_unique
IWM,,,,,,,unmatched_no_symbol_candidate
JASMY,jasmycoin,0.00534872,0.816907803669,9255702.094220792875,264204442.088318616152,2026-04-16T02:17:52+00:00,matched_exact_symbol_unique
JCT,,,,,,,unmatched_ambiguous_symbol_candidates
JD,,,,,,,unmatched_no_symbol_candidate
JELLY,,,,,,,unmatched_ambiguous_symbol_candidates
JELLYJELLY,jelly-my-jelly,0.04472586,0.574213183422,3654301.020792593248,44649385.523229375482,2026-04-16T02:17:43+00:00,matched_exact_symbol_unique
JOE,,,,,,,unmatched_ambiguous_symbol_candidates
JST,just,0.065182,-17.393525033449,50460695.678962677717,556747647.740957856178,2026-04-16T02:17:40+00:00,matched_exact_symbol_unique
JTO,jito-governance-token,0.316686,2.197739347616,11175817.462873050943,145407209.437644898891,2026-04-16T02:17:42+00:00,matched_exact_symbol_unique
JUP,,,,,,,unmatched_ambiguous_symbol_candidates
KAIA,,,,,,,unmatched_ambiguous_symbol_candidates
KAITO,kaito,0.461674,3.386862836007,18368863.999370981008,111418549.250442072749,2026-04-16T02:17:43+00:00,matched_exact_symbol_unique
KAS,kaspa,0.03307321,2.861787398236,20656873.599675145,903650060.544339895248,2026-04-16T02:17:44+00:00,matched_exact_symbol_unique
KAT,,,,,,,unmatched_ambiguous_symbol_candidates
KAVA,kava,0.05379,3.026675871288,2484845.24458097294,58237807.775575511158,2026-04-16T02:17:45+00:00,matched_exact_symbol_unique
kBONK,,,,,,,unmatched_no_symbol_candidate
kDOGS,,,,,,,unmatched_no_symbol_candidate
KERNEL,kernel-2,0.08264,-2.292820875155,9076973.441204192117,23653681.581981677562,2026-04-16T02:17:43+00:00,matched_exact_symbol_unique
kFLOKI,,,,,,,unmatched_no_symbol_candidate
KGEN,kgen,0.166424,6.457721459719,2938713.758606888819,33151451.303425770253,2026-04-16T02:17:44+00:00,matched_exact_symbol_unique
KITE,,,,,,,unmatched_ambiguous_symbol_candidates
kLUNC,,,,,,,unmatched_no_symbol_candidate
KMNO,kamino,0.02087728,2.626535412715,5044261.222161145881,91462839.368535488844,2026-04-16T02:17:42+00:00,matched_exact_symbol_unique
KNC,kyber-network-crystal,0.136236,1.249148244137,4655044.21774108056,23163004.425256896764,2026-04-16T02:17:53+00:00,matched_exact_symbol_unique
kNEIRO,,,,,,,unmatched_no_symbol_candidate
KOMA,koma-inu,0.00900095,3.14222218454,835007.222786172875,5457137.625498278998,2026-04-16T02:17:43+00:00,matched_exact_symbol_unique
kPEPE,,,,,,,unmatched_no_symbol_candidate
kSHIB,,,,,,,unmatched_no_symbol_candidate
KSM,kusama,4.35,3.856234090186,6031939.145389166661,78531822.474387705326,2026-04-16T02:17:55+00:00,matched_exact_symbol_unique
KWEB,,,,,,,unmatched_no_symbol_candidate
LA,,,,,,,unmatched_ambiguous_symbol_candidates
LAB,,,,,,,unmatched_ambiguous_symbol_candidates
LAUNCHCOIN,,,,,,,unmatched_no_symbol_candidate
LAYER,,,,,,,unmatched_ambiguous_symbol_candidates
LDO,,,,,,,unmatched_ambiguous_symbol_candidates
LIGHT,,,,,,,unmatched_ambiguous_symbol_candidates
LINEA,linea,0.00341449,3.714903740618,12850533.73606806621,85037210.940892904997,2026-04-16T02:17:56+00:00,matched_exact_symbol_unique
LINK,,,,,,,unmatched_ambiguous_symbol_candidates
LISTA,lista,0.081806,0.79824750623,3895630.728902625386,27175197.351348821074,2026-04-16T02:17:42+00:00,matched_exact_symbol_unique
LIT,,,,,,,unmatched_ambiguous_symbol_candidates
LITE,,,,,,,unmatched_no_symbol_candidate
LLY,,,,,,,unmatched_no_symbol_candidate
LOOM,loom-network-new,0.0001173,,3.955689663009,145799.187989025144,2026-04-13T21:31:02+00:00,matched_exact_symbol_unique
LPT,livepeer,2.14,1.584643481471,8867200.674965459853,105861915.731049656868,2026-04-16T02:17:53+00:00,matched_exact_symbol_unique
LQTY,liquity,0.282137,1.032732747919,2774675.459328971803,27838351.084998771548,2026-04-16T02:17:40+00:00,matched_exact_symbol_unique
LRC,loopring,0.01648646,3.159349199356,2714214.695126560982,20540838.721644360572,2026-04-16T02:17:45+00:00,matched_exact_symbol_unique
LSK,lisk,0.127923,1.363763791421,1538556.005749576259,29088130.816484957933,2026-04-16T02:17:42+00:00,matched_exact_symbol_unique
LTC,,,,,,,unmatched_ambiguous_symbol_candidates
LUMIA,lumia,0.087846,0.799043065907,2047308.723333799513,12158292.971915720031,2026-04-16T02:17:48+00:00,matched_exact_symbol_unique
LUNA,,,,,,,unmatched_ambiguous_symbol_candidates
LUNA2,,,,,,,unmatched_no_symbol_candidate
LUNC,,,,,,,unmatched_ambiguous_symbol_candidates
LYN,,,,,,,unmatched_ambiguous_symbol_candidates
M,,,,,,,unmatched_ambiguous_symbol_candidates
MA,mind-ai,0.00011261,-15.410627363431,31714.420297921097,11832.296576122584,2026-04-16T02:15:38+00:00,matched_exact_symbol_unique
MAGIC,,,,,,,unmatched_ambiguous_symbol_candidates
MAGMA,magma-finance,0.190105,0.041303686462,3616530.504945140798,35929990.290066845715,2026-04-16T02:17:45+00:00,matched_exact_symbol_unique
MANA,,,,,,,unmatched_ambiguous_symbol_candidates
MANTA,manta-network,0.066005,0.846549705949,7160661.106304303743,30716639.285759441555,2026-04-16T02:17:42+00:00,matched_exact_symbol_unique
MANTRA,mantra,0.01079844,2.039532370476,4961548.71740640793,52397969.277573406696,2026-04-16T02:17:43+00:00,matched_exact_symbol_unique
MASK,,,,,,,unmatched_ambiguous_symbol_candidates
MATIC,,,,,,,unmatched_ambiguous_symbol_candidates
MAV,maverick-protocol,0.01607638,12.513163643831,13276340.505999507383,14950172.987093664706,2026-04-16T02:17:42+00:00,matched_exact_symbol_unique
MAVIA,heroes-of-mavia,0.03337133,3.651350492494,2587939.278227987234,8153995.805431189947,2026-04-16T02:17:55+00:00,matched_exact_symbol_unique
MBOX,mobox,0.01277396,16.093935455928,29971448.604707889259,6998248.265967150219,2026-04-16T02:17:58+00:00,matched_exact_symbol_unique
MCD,,,,,,,unmatched_no_symbol_candidate
ME,,,,,,,unmatched_ambiguous_symbol_candidates
MEGA,,,,,,,unmatched_ambiguous_symbol_candidates
MELANIA,melania-meme,0.104623,1.528844593402,18915830.604816317558,99667296.77819673717,2026-04-16T02:17:43+00:00,matched_exact_symbol_unique
MEME,,,,,,,unmatched_ambiguous_symbol_candidates
MERL,merlin-chain,0.0345671,12.321124159617,26145069.353692818433,41508797.197630390525,2026-04-16T02:17:46+00:00,matched_exact_symbol_unique
MET,,,,,,,unmatched_ambiguous_symbol_candidates
META,,,,,,,unmatched_ambiguous_symbol_candidates
METIS,,,,,,,unmatched_ambiguous_symbol_candidates
MEW,cat-in-a-dogs-world,0.00059081,4.729694210959,5886353.563071111217,52274325.032850258052,2026-04-16T02:17:42+00:00,matched_exact_symbol_unique
MINA,mina-protocol,0.059117,3.875919114491,6380777.220385385677,75758042.665825009346,2026-04-16T02:17:46+00:00,matched_exact_symbol_unique
MIRA,,,,,,,unmatched_ambiguous_symbol_candidates
MITO,mitosis,0.03607043,1.876250944864,3001339.194582517724,12067564.200448894873,2026-04-16T02:17:44+00:00,matched_exact_symbol_unique
MKR,maker,1772.72,0.393790408723,46512.165154236078,0,2026-04-16T02:17:54+00:00,matched_exact_symbol_unique
MLN,melon,3.18,3.128339257321,1510589.67415908468,10433844.766308929771,2026-04-16T02:17:44+00:00,matched_exact_symbol_unique
MMT,momentum-3,0.132731,-0.5932311356,10026224.939579311758,27095794.399078447372,2026-04-16T02:17:44+00:00,matched_exact_symbol_unique
MNRY,,,,,,,unmatched_no_symbol_candidate
MNT,,,,,,,unmatched_ambiguous_symbol_candidates
MOCA,,,,,,,unmatched_ambiguous_symbol_candidates
MOG,,,,,,,unmatched_ambiguous_symbol_candidates
MON,,,,,,,unmatched_ambiguous_symbol_candidates
MOODENG,,,,,,,unmatched_ambiguous_symbol_candidates
MORPHO,,,,,,,unmatched_ambiguous_symbol_candidates
MOVE,,,,,,,unmatched_ambiguous_symbol_candidates
MOVR,moonriver,1.23,1.618004241237,1489387.08537673438,14025134.765564881265,2026-04-16T02:17:41+00:00,matched_exact_symbol_unique
MRVL,,,,,,,unmatched_no_symbol_candidate
MSFT,,,,,,,unmatched_no_symbol_candidate
MSTR,,,,,,,unmatched_ambiguous_symbol_candidates
MTL,metal,0.292276,1.415269294714,951014.186678739847,26476502.136622548103,2026-04-16T02:17:45+00:00,matched_exact_symbol_unique
MU,,,,,,,unmatched_ambiguous_symbol_candidates
MUBARAK,,,,,,,unmatched_ambiguous_symbol_candidates
MYRO,myro,0.00291991,-6.09043029152,669579.18256012199,2920973.387227314524,2026-04-16T02:17:32+00:00,matched_exact_symbol_unique
MYX,myx-finance,0.3375,10.590324114029,50606145.036359719932,64417026.429718673229,2026-04-16T02:17:44+00:00,matched_exact_symbol_unique
NAORIS,naoris,0.054241,1.942311654725,1109180.780831590993,32496438.764325726777,2026-04-16T02:17:44+00:00,matched_exact_symbol_unique
NATGAS,,,,,,,unmatched_no_symbol_candidate
NEAR,,,,,,,unmatched_ambiguous_symbol_candidates
NEIRO,,,,,,,unmatched_ambiguous_symbol_candidates
NEIROCTO,,,,,,,unmatched_no_symbol_candidate
NEIROETH,,,,,,,unmatched_no_symbol_candidate
NEO,,,,,,,unmatched_ambiguous_symbol_candidates
NEWT,newton-protocol,0.07543,4.519354603915,11077397.575324121863,16220373.274696508422,2026-04-16T02:17:44+00:00,matched_exact_symbol_unique
NFLX,,,,,,,unmatched_no_symbol_candidate
NFP,nfprompt-token,0.0138522,4.030203661796,1571560.114375753095,7410753.578954596072,2026-04-16T02:17:56+00:00,matched_exact_symbol_unique
NFTI,,,,,,,unmatched_no_symbol_candidate
NG,,,,,,,unmatched_no_symbol_candidate
NIGHT,,,,,,,unmatched_ambiguous_symbol_candidates
NIL,nillion,0.03553441,-0.847905840794,4945718.439728225581,15259780.558225296438,2026-04-16T02:17:43+00:00,matched_exact_symbol_unique
NMR,numeraire,8.47,-0.01782005487,5945022.151525411755,59640272.470106206834,2026-04-16T02:17:45+00:00,matched_exact_symbol_unique
NOM,,,,,,,unmatched_ambiguous_symbol_candidates
NOT,,,,,,,unmatched_ambiguous_symbol_candidates
NTRN,neutron-3,0.00254149,3.695074503897,241660.637383996218,2134071.406484587584,2026-04-16T02:17:19+00:00,matched_exact_symbol_unique
NVDA,,,,,,,unmatched_no_symbol_candidate
NXPC,,,,,,,unmatched_ambiguous_symbol_candidates
OFC,onefootball-club,0.04636325,0.186978654444,27231259.262218236923,7477217.870804249309,2026-04-16T02:17:44+00:00,matched_exact_symbol_unique
OG,og-fan-token,3.14,-0.70852166102,23434892.045625481755,14580540.934321328998,2026-04-16T02:17:40+00:00,matched_exact_symbol_unique
OGN,origin-protocol,0.0221525,0.4048304244,3040596.999059161171,14695979.666019478813,2026-04-16T02:17:42+00:00,matched_exact_symbol_unique
OKB,okb,85.28,0.401372819375,13789066.344181312248,1790878854.895987510681,2026-04-16T02:17:43+00:00,matched_exact_symbol_unique
OL,open-loot,0.00774816,15.786047288706,3553607.124207573943,5997298.934552496299,2026-04-16T02:17:44+00:00,matched_exact_symbol_unique
OM,mantra-dao,0.065858,-1.536979894897,8564.556601466551,320588186.982870101929,2026-04-16T02:17:48+00:00,matched_exact_symbol_unique
OMNI,,,,,,,unmatched_ambiguous_symbol_candidates
ON,orochi-network,0.15367,7.110862409587,18438633.829812105745,21319107.446667157114,2026-04-16T02:17:44+00:00,matched_exact_symbol_unique
ONDO,ondo-finance,0.258561,1.972918981929,57265694.361068040133,1258225393.505190849304,2026-04-16T02:17:57+00:00,matched_exact_symbol_unique
ONE,,,,,,,unmatched_ambiguous_symbol_candidates
ONG,ong,0.080167,-4.587685970111,6333806.961280014366,37706491.083536803722,2026-04-16T02:17:44+00:00,matched_exact_symbol_unique
ONT,,,,,,,unmatched_ambiguous_symbol_candidates
OP,,,,,,,unmatched_ambiguous_symbol_candidates
OPEN,,,,,,,unmatched_ambiguous_symbol_candidates
OPN,,,,,,,unmatched_ambiguous_symbol_candidates
ORBS,,,,,,,unmatched_ambiguous_symbol_candidates
ORCA,orca,0.902027,1.771477353527,6999282.700059520081,54847863.611264407635,2026-04-16T02:17:41+00:00,matched_exact_symbol_unique
ORCL,oracle-3,0.00145903,,23.216255773545,30639.605052842773,2026-04-14T21:23:13+00:00,matched_exact_symbol_unique
ORDER,,,,,,,unmatched_ambiguous_symbol_candidates
ORDI,ordinals,3.91,54.674700849146,139082712.298402100801,81477916.006110981107,2026-04-16T02:17:46+00:00,matched_exact_symbol_unique
OX,ox-fun,0.00002352,1.550150439732,20.633023119957,61526.500995849361,2026-04-16T02:14:29+00:00,matched_exact_symbol_unique
OXT,orchid-protocol,0.01054536,-5.029963525907,2989253.142531911843,6238131.626616816036,2026-04-16T02:17:42+00:00,matched_exact_symbol_unique
OXY,oxygen,0.00045082,-0.109787453185,20.896951755746,91225.211258793584,2026-04-16T02:16:44+00:00,matched_exact_symbol_unique
PANDORA,pandora,112.78,0.436888530283,635.492896498073,1127841.931213932112,2026-04-16T02:17:55+00:00,matched_exact_symbol_unique
PARTI,particle-network,0.04228936,-1.893071370435,10851977.120998807251,9866591.417281618342,2026-04-16T02:17:45+00:00,matched_exact_symbol_unique
PAXG,pax-gold,4810.31,-0.522075907058,171961848.375110477209,2374608193.030963897705,2026-04-16T02:17:45+00:00,matched_override_map
PAYP,,,,,,,unmatched_no_symbol_candidate
PEAQ,peaq-2,0.01433519,3.738336670788,2795500.396345815156,29199958.144614115357,2026-04-16T02:17:43+00:00,matched_exact_symbol_unique
PENDLE,pendle,1.1,5.085092380009,23742571.494868651032,184225924.985342234373,2026-04-16T02:17:41+00:00,matched_exact_symbol_unique
PENGU,,,,,,,unmatched_ambiguous_symbol_candidates
PEOPLE,,,,,,,unmatched_ambiguous_symbol_candidates
PEP,,,,,,,unmatched_ambiguous_symbol_candidates
PEPE,,,,,,,unmatched_ambiguous_symbol_candidates
PHA,pha,0.03809914,4.244280321982,13093590.201958753169,31822519.662096902728,2026-04-16T02:17:40+00:00,matched_exact_symbol_unique
PHB,,,,,,,unmatched_ambiguous_symbol_candidates
PI,,,,,,,unmatched_ambiguous_symbol_candidates
PIEVERSE,pieverse,0.438637,-1.765572226215,3559783.354682981502,100886602.814336553216,2026-04-16T02:17:44+00:00,matched_exact_symbol_unique
PIPPIN,pippin,0.02597963,1.721319657975,9786161.785149963573,26003044.704786665738,2026-04-16T02:17:43+00:00,matched_exact_symbol_unique
PIXEL,,,,,,,unmatched_ambiguous_symbol_candidates
PLAY,,,,,,,unmatched_ambiguous_symbol_candidates
PLAYSOUT,,,,,,,unmatched_no_symbol_candidate
PLTR,,,,,,,unmatched_no_symbol_candidate
PLUME,plume,0.01172213,-2.428415296758,18655230.451173298061,62523192.598122671247,2026-04-16T02:17:43+00:00,matched_exact_symbol_unique
PNUT,,,,,,,unmatched_ambiguous_symbol_candidates
POL,,,,,,,unmatched_ambiguous_symbol_candidates
POLYX,polymesh,0.053145,4.089956132419,3906425.556410669349,67301081.828080564737,2026-04-16T02:17:41+00:00,matched_exact_symbol_unique
POPCAT,popcat,0.054058,5.810902119213,14091609.544433021918,52912320.490099497139,2026-04-16T02:17:42+00:00,matched_exact_symbol_unique
PORTAL,portal-2,0.00881992,3.046582699075,2715507.511048424523,6736700.686408532783,2026-04-16T02:17:53+00:00,matched_exact_symbol_unique
POWER,,,,,,,unmatched_ambiguous_symbol_candidates
POWR,power-ledger,0.066487,0.858557231991,2731247.58568684198,35248927.133791893721,2026-04-16T02:17:40+00:00,matched_exact_symbol_unique
PRL,perle,0.177752,-1.346867897101,3174252.029136924073,31126472.40781788528,2026-04-16T02:17:45+00:00,matched_override_map
PROM,prometeus,1.33,-5.337758732075,3346516.276488538366,24376355.322904258966,2026-04-16T02:17:45+00:00,matched_exact_symbol_unique
PROMPT,,,,,,,unmatched_ambiguous_symbol_candidates
PROVE,succinct,0.228617,1.409804803392,5651184.690510574728,44580286.917292013764,2026-04-16T02:17:44+00:00,matched_exact_symbol_unique
PTB,portal-to-bitcoin,0.00116221,-0.436505363634,4199439.57580354996,2406795.528598398902,2026-04-16T02:17:38+00:00,matched_exact_symbol_unique
PUFFER,puffer-finance,0.02542517,3.029200735043,3729962.883963544387,11142915.098261518404,2026-04-16T02:17:43+00:00,matched_exact_symbol_unique
PUMP,,,,,,,unmatched_ambiguous_symbol_candidates
PUMPBTC,pumpbtc,73650,2.250988866239,1839.194638356708,50661169.216929130256,2026-04-16T00:58:03+00:00,matched_exact_symbol_unique
PUMPFUN,,,,,,,unmatched_no_symbol_candidate
PUNDIX,pundi-x-2,0.14905,1.86185574981,1422395.185782343382,38522876.319450348616,2026-04-16T02:17:41+00:00,matched_exact_symbol_unique
PURR,,,,,,,unmatched_ambiguous_symbol_candidates
PYR,vulcan-forged,0.263142,0.66304171703,5554208.832904492505,12251582.569951256737,2026-04-16T02:17:45+00:00,matched_exact_symbol_unique
PYTH,pyth-network,0.04548657,5.524610480335,11899163.402442254126,261408250.631267338991,2026-04-16T02:17:42+00:00,matched_exact_symbol_unique
Q,,,,,,,unmatched_ambiguous_symbol_candidates
QNT,quant-network,74.17,0.322089671876,9709193.104004403576,1078606704.70922088623,2026-04-16T02:17:53+00:00,matched_exact_symbol_unique
QQQ,,,,,,,unmatched_no_symbol_candidate
QTUM,qtum,0.91236,-0.185962472783,7057452.123238541186,96492165.4107888937,2026-04-16T02:17:51+00:00,matched_exact_symbol_unique
RARE,,,,,,,unmatched_ambiguous_symbol_candidates
RAVE,ravedao,11.97,-38.732478463471,303585363.737802743912,2842243652.614376068115,2026-04-16T02:17:45+00:00,matched_exact_symbol_unique
RAY,raydium,0.662814,2.312300433154,14630127.142796067521,177315933.692446053028,2026-04-16T02:17:58+00:00,matched_exact_symbol_unique
RAYDIUM,,,,,,,unmatched_no_symbol_candidate
RAYSOL,,,,,,,unmatched_no_symbol_candidate
RDDT,,,,,,,unmatched_no_symbol_candidate
RDNT,radiant-capital,0.00207525,1.541817783688,804931.447254668921,2685571.580056632869,2026-04-16T02:17:40+00:00,matched_exact_symbol_unique
RECALL,recall,0.04697275,-0.39412586612,8088141.331244618632,11662926.783901212737,2026-04-16T02:17:44+00:00,matched_exact_symbol_unique
RED,,,,,,,unmatched_ambiguous_symbol_candidates
RENDER,render-token,1.87,-1.106063618357,89447083.021016463637,969956068.797000050545,2026-04-16T02:17:41+00:00,matched_exact_symbol_unique
REQ,request-network,0.067754,1.070873838491,1172703.324475503759,50417921.09435839951,2026-04-16T02:17:42+00:00,matched_exact_symbol_unique
RESOLV,resolv,0.03520625,0.015535369199,10829839.170819072053,13623019.299888897687,2026-04-16T02:17:44+00:00,matched_exact_symbol_unique
REZ,renzo,0.00385507,5.516381094466,5117815.94918888621,31624747.838119950145,2026-04-16T02:17:42+00:00,matched_exact_symbol_unique
RIF,,,,,,,unmatched_ambiguous_symbol_candidates
RIVER,river,7.58,-15.152943129668,43581714.919945277274,147667760.344918578863,2026-04-16T02:17:45+00:00,matched_exact_symbol_unique
RKLB,,,,,,,unmatched_no_symbol_candidate
RLB,rollbit-coin,0.057311,3.374789201413,192578.728280035546,97679092.09784193337,2026-04-16T02:17:55+00:00,matched_exact_symbol_unique
RLC,iexec-rlc,0.42035,1.41446640842,3077845.856301342603,30402954.101891182363,2026-04-16T02:17:43+00:00,matched_exact_symbol_unique
RLS,rayls,0.00271517,-5.947620443671,1767757.511646448169,3861411.782009810675,2026-04-16T02:17:29+00:00,matched_exact_symbol_unique
RLUSD,ripple-usd,0.999947,-0.003951334072,92799025.935697093606,1482918558.159662246704,2026-04-16T02:17:43+00:00,matched_exact_symbol_unique
RNDR,,,,,,,unmatched_no_symbol_candidate
ROAM,roam-token,0.0194195,5.793465140628,847616.888344173436,6730704.931912389584,2026-04-16T02:17:43+00:00,matched_exact_symbol_unique
ROBO,robo-token-2,0.01880528,-0.995021944022,10535030.982467679307,41706913.042706921697,2026-04-16T02:17:45+00:00,matched_exact_symbol_unique
RONIN,,,,,,,unmatched_no_symbol_candidate
ROSE,,,,,,,unmatched_ambiguous_symbol_candidates
RPL,rocket-pool,1.87,2.537111078941,2324661.84383320855,41905785.772751241922,2026-04-16T02:17:42+00:00,matched_exact_symbol_unique
RSR,reserve-rights-token,0.00158067,5.315392330259,4649360.210831874982,98822035.290715202689,2026-04-16T02:17:45+00:00,matched_exact_symbol_unique
RUNE,,,,,,,unmatched_ambiguous_symbol_candidates
RVN,ravencoin,0.00584628,1.542330918934,5530599.337598402984,94558601.982719942927,2026-04-16T02:17:42+00:00,matched_exact_symbol_unique
S,,,,,,,unmatched_ambiguous_symbol_candidates
SAFE,,,,,,,unmatched_ambiguous_symbol_candidates
SAGA,saga-2,0.02732792,1.8650905506,5065953.900483878329,10295012.176075084135,2026-04-16T02:17:41+00:00,matched_exact_symbol_unique
SAHARA,sahara-ai,0.0225838,0.493226920842,11122305.03901071474,70890730.087274089456,2026-04-16T02:17:44+00:00,matched_exact_symbol_unique
SAND,,,,,,,unmatched_ambiguous_symbol_candidates
SANTOS,santos-fc-fan-token,1.13,5.555686304795,4067248.590433166828,18190878.982431024313,2026-04-16T02:17:41+00:00,matched_exact_symbol_unique
SAPIEN,sapien-2,0.074879,-0.971746739683,4006705.188197260257,18719748.214493129402,2026-04-16T02:17:44+00:00,matched_exact_symbol_unique
SATS,,,,,,,unmatched_ambiguous_symbol_candidates
SC,,,,,,,unmatched_ambiguous_symbol_candidates
SCR,,,,,,,unmatched_ambiguous_symbol_candidates
SCRT,secret,0.088983,1.392031256234,1442671.505170706427,30063215.998133376241,2026-04-16T02:17:40+00:00,matched_exact_symbol_unique
SEI,,,,,,,unmatched_ambiguous_symbol_candidates
SENT,,,,,,,unmatched_ambiguous_symbol_candidates
SFP,safepal,0.298816,0.089706185613,1508802.496719860472,149339498.173183202744,2026-04-16T02:17:53+00:00,matched_exact_symbol_unique
SHELL,,,,,,,unmatched_ambiguous_symbol_candidates
SHIA,shiba-saga,0.00011993,-0.660055071139,24.41935018889,33591.109833404269,2026-04-15T10:27:03+00:00,matched_exact_symbol_unique
SHIB,,,,,,,unmatched_ambiguous_symbol_candidates
SHIB1000,,,,,,,unmatched_no_symbol_candidate
SIGN,sign-global,0.02975568,4.988608422395,21624624.709863718599,57583895.765183962882,2026-04-16T02:17:44+00:00,matched_exact_symbol_unique
SIREN,siren-2,0.844993,19.254707481598,30961113.359752826393,614774488.483821630478,2026-04-16T02:17:43+00:00,matched_exact_symbol_unique
SKL,skale,0.00643968,2.679230391097,3960008.34127456788,39177328.179410018027,2026-04-16T02:17:41+00:00,matched_exact_symbol_unique
SKR,,,,,,,unmatched_ambiguous_symbol_candidates
SKY,,,,,,,unmatched_ambiguous_symbol_candidates
SKYAI,skyai,0.120754,0.739445304605,8619681.137190667912,120572606.564908236265,2026-04-16T02:17:43+00:00,matched_exact_symbol_unique
SLP,smooth-love-potion,0.00063059,1.912232903903,1905763.621111693792,22934498.101004008204,2026-04-16T02:17:40+00:00,matched_exact_symbol_unique
SNDK,,,,,,,unmatched_no_symbol_candidate
SNT,status,0.01000811,2.324846299345,1505984.143061947543,39704422.165459409356,2026-04-16T02:17:45+00:00,matched_exact_symbol_unique
SNX,havven,0.296074,1.62105367038,8990673.13670100458,102006171.858121737838,2026-04-16T02:17:57+00:00,matched_exact_symbol_unique
SOL,,,,,,,unmatched_ambiguous_symbol_candidates
SOLAYER,,,,,,,unmatched_no_symbol_candidate
SOLV,solv-protocol,0.00414742,-1.534977998669,6821306.148113056086,6140086.357472443022,2026-04-16T02:17:41+00:00,matched_exact_symbol_unique
SOMI,somnia,0.175148,4.091779958073,6240029.982438713312,28058707.6788880229,2026-04-16T02:17:44+00:00,matched_exact_symbol_unique
SONIC,,,,,,,unmatched_ambiguous_symbol_candidates
SOON,,,,,,,unmatched_ambiguous_symbol_candidates
SOPH,,,,,,,unmatched_ambiguous_symbol_candidates
SOSO,sosovalue,0.414995,2.493178533726,4111536.221541992854,129327836.671793922782,2026-04-16T02:17:52+00:00,matched_exact_symbol_unique
SOXL,,,,,,,unmatched_no_symbol_candidate
SOXS,,,,,,,unmatched_no_symbol_candidate
SPACE,,,,,,,unmatched_ambiguous_symbol_candidates
SPELL,,,,,,,unmatched_ambiguous_symbol_candidates
SPK,spark-2,0.0216753,0.010764349657,10797724.28448379226,55195860.309723563492,2026-04-16T02:17:42+00:00,matched_exact_symbol_unique
SPORTFUN,,,,,,,unmatched_no_symbol_candidate
SPX,spx6900,0.343767,6.702230917612,5509928.780949861743,320194472.756187975407,2026-04-16T02:17:53+00:00,matched_exact_symbol_unique
SPY,smarty-pay,0.0002357,0.167223428997,32.939399533954,0,2026-04-16T02:12:35+00:00,matched_exact_symbol_unique
SQD,,,,,,,unmatched_ambiguous_symbol_candidates
SQQQ,,,,,,,unmatched_no_symbol_candidate
SSV,ssv-network,2.32,5.29817379865,8033330.013311280869,34128869.988983407617,2026-04-16T02:17:42+00:00,matched_exact_symbol_unique
STABLE,,,,,,,unmatched_ambiguous_symbol_candidates
STBL,,,,,,,unmatched_ambiguous_symbol_candidates
STEEM,steem,0.057844,-0.279742521709,4797408.23394572176,31447574.40056637302,2026-04-16T02:17:43+00:00,matched_exact_symbol_unique
STG,stargate-finance,0.224488,0.34433787751,8111342.393456996419,26178086.103109803051,2026-04-16T02:17:41+00:00,matched_exact_symbol_unique
STO,stakestone,0.118065,-0.750425186817,34173858.10400621593,26596173.413365013897,2026-04-16T02:17:44+00:00,matched_exact_symbol_unique
STORJ,storj,0.100191,2.568974351053,3651574.478670283686,14400592.455770300701,2026-04-16T02:17:45+00:00,matched_exact_symbol_unique
STRAX,stratis,0.01326771,1.965006819066,532362.603960793,28609734.634596087039,2026-04-16T02:17:43+00:00,matched_exact_symbol_unique
STRK,starknet,0.03533672,9.243909855909,27098525.147393032908,205945377.869025737047,2026-04-16T02:17:58+00:00,matched_exact_symbol_unique
STX,blockstack,0.23651,6.588150813522,23930228.086157526821,435506051.421755075455,2026-04-16T02:17:41+00:00,matched_exact_symbol_unique
STXSTOCK,,,,,,,unmatched_no_symbol_candidate
SUI,sui,0.961771,2.016231332308,299764834.948688447475,3801538505.979793548584,2026-04-16T02:17:41+00:00,matched_exact_symbol_unique
SUN,sun-token,0.01820641,0.380167794615,71533912.453308731318,350139956.374855279922,2026-04-16T02:17:40+00:00,matched_exact_symbol_unique
SUPER,,,,,,,unmatched_ambiguous_symbol_candidates
SUSHI,,,,,,,unmatched_ambiguous_symbol_candidates
SWARMS,swarms,0.01403568,-9.366118464239,3310391.024017875548,14049010.37697776407,2026-04-16T02:17:43+00:00,matched_exact_symbol_unique
SXT,space-and-time,0.01644321,-0.726783213765,3671017.165259288624,42739782.823288336396,2026-04-16T02:17:43+00:00,matched_exact_symbol_unique
SYN,,,,,,,unmatched_ambiguous_symbol_candidates
SYRUP,syrup,0.22741,2.809066645572,6876258.320335947908,263725078.866912513971,2026-04-16T02:17:55+00:00,matched_exact_symbol_unique
SYS,syscoin,0.00950342,2.654017347719,995045.886819533072,8340491.751214357093,2026-04-16T02:17:40+00:00,matched_exact_symbol_unique
T,,,,,,,unmatched_ambiguous_symbol_candidates
TA,trusta-ai,0.04265198,0.002401904473,643312.868955526501,7677044.577865326777,2026-04-16T02:17:47+00:00,matched_exact_symbol_unique
TAC,tac,0.00560631,-4.179162015191,1042078.835661065998,16535979.710715768859,2026-04-16T02:17:44+00:00,matched_exact_symbol_unique
TAG,tagger,0.00071534,-0.428454773372,7538741.839452058077,77746341.412598118186,2026-04-16T02:17:44+00:00,matched_exact_symbol_unique
TAIKO,taiko,0.118685,2.075593646909,3354738.279408892151,22760800.53002711758,2026-04-16T02:17:48+00:00,matched_exact_symbol_unique
TAKE,overtake,0.02787399,8.044500278617,1419355.22419643891,6925445.964043321088,2026-04-16T02:17:44+00:00,matched_exact_symbol_unique
TAO,,,,,,,unmatched_ambiguous_symbol_candidates
THE,,,,,,,unmatched_ambiguous_symbol_candidates
THETA,theta-token,0.188951,6.972704996131,15833282.128196276724,188850369.602271109819,2026-04-16T02:17:41+00:00,matched_exact_symbol_unique
TIA,,,,,,,unmatched_ambiguous_symbol_candidates
TLM,alien-worlds,0.00168714,2.260624244164,3163722.677567328326,11024110.225842818618,2026-04-16T02:17:51+00:00,matched_exact_symbol_unique
TNSR,,,,,,,unmatched_ambiguous_symbol_candidates
TON,,,,,,,unmatched_ambiguous_symbol_candidates
TOSHI,,,,,,,unmatched_ambiguous_symbol_candidates
TOWNS,towns,0.00344277,4.251959704261,13918302.464973229915,7256902.154120976105,2026-04-16T02:17:44+00:00,matched_exact_symbol_unique
TQQQ,,,,,,,unmatched_no_symbol_candidate
TRADOOR,tradoor,6.29,15.230847919016,15068343.62460790202,90323931.449197411537,2026-04-16T02:17:44+00:00,matched_exact_symbol_unique
TRB,tellor,17.36,11.513138458162,19717323.339712556452,48136896.069689594209,2026-04-16T02:17:45+00:00,matched_exact_symbol_unique
TREE,,,,,,,unmatched_ambiguous_symbol_candidates
TRIA,tria,0.0299367,6.736345490241,15790897.073864744976,63705124.473886214197,2026-04-16T02:17:40+00:00,matched_exact_symbol_unique
TRU,truefi,0.00684716,-7.553727276735,8176105.290000415407,9913136.145767729729,2026-04-16T02:17:41+00:00,matched_override_map
TRUMP,,,,,,,unmatched_ambiguous_symbol_candidates
TRUST,,,,,,,unmatched_ambiguous_symbol_candidates
TRUTH,,,,,,,unmatched_ambiguous_symbol_candidates
TRX,,,,,,,unmatched_ambiguous_symbol_candidates
TSLA,tsla6900,0.000000034738,,5.091353593948,14613.759416461435,2026-04-08T06:06:02+00:00,matched_exact_symbol_unique
TSLAX,tesla-xstock,395.73,7.682023362749,17576458.104478910565,55896268.515917636454,2026-04-16T02:17:44+00:00,matched_exact_symbol_unique
TSM,,,,,,,unmatched_no_symbol_candidate
TST,,,,,,,unmatched_ambiguous_symbol_candidates
TSTBSC,,,,,,,unmatched_no_symbol_candidate
TURBO,,,,,,,unmatched_ambiguous_symbol_candidates
TURTLE,,,,,,,unmatched_ambiguous_symbol_candidates
TUT,tutorial,0.01037631,-8.446289745169,4744647.928041245788,8692441.159333119169,2026-04-16T02:17:43+00:00,matched_exact_symbol_unique
TWT,trust-wallet-token,0.403304,0.7214472029,9030305.69833846949,168034682.981879413128,2026-04-16T02:17:46+00:00,matched_exact_symbol_unique
UAI,,,,,,,unmatched_ambiguous_symbol_candidates
UB,unibase,0.02984496,23.418650365884,9633435.380777737126,74612398.921861872077,2026-04-16T02:17:54+00:00,matched_exact_symbol_unique
UMA,uma,0.432646,2.554809682223,5651208.920712742023,39250102.34849140048,2026-04-16T02:17:54+00:00,matched_exact_symbol_unique
UNH,,,,,,,unmatched_no_symbol_candidate
UNI,,,,,,,unmatched_ambiguous_symbol_candidates
UNIBOT,unibot,0.893262,-2.182700141545,22131.83834092805,907282.573991228128,2026-04-16T02:17:55+00:00,matched_exact_symbol_unique
UP,,,,,,,unmatched_ambiguous_symbol_candidates
US,,,,,,,unmatched_ambiguous_symbol_candidates
USD1,,,,,,,unmatched_ambiguous_symbol_candidates
USDC,usd-coin,0.999895,0.010261352109,15874883196.637134552002,78570327215.379486083984,2026-04-16T02:17:57+00:00,matched_override_map
USDE,,,,,,,unmatched_ambiguous_symbol_candidates
USELESS,,,,,,,unmatched_ambiguous_symbol_candidates
USTC,,,,,,,unmatched_ambiguous_symbol_candidates
USUAL,,,,,,,unmatched_ambiguous_symbol_candidates
VANA,vana,1.33,4.137206178097,1615249.990196883911,41008267.749067604542,2026-04-16T02:17:43+00:00,matched_exact_symbol_unique
VANRY,vanar-chain,0.00516039,2.49053510811,2122044.512340817135,11105758.035918498412,2026-04-16T02:17:43+00:00,matched_exact_symbol_unique
VELO,,,,,,,unmatched_ambiguous_symbol_candidates
VELODROME,,,,,,,unmatched_no_symbol_candidate
VELVET,velvet,0.077737,-15.367187116516,5622285.568285135552,28533708.993999481201,2026-04-16T02:17:44+00:00,matched_exact_symbol_unique
VET,vechain,0.00708036,2.135212483331,12943734.482657343149,607784023.884377837181,2026-04-16T02:17:40+00:00,matched_exact_symbol_unique
VIC,tomochain,0.0496994,0.324068620783,789468.767664509825,6265872.313589953817,2026-04-16T02:17:42+00:00,matched_exact_symbol_unique
VINE,,,,,,,unmatched_ambiguous_symbol_candidates
VIRTUAL,virtual-protocol,0.692386,2.009011766928,56520937.545817002654,454611817.547116875648,2026-04-16T02:17:42+00:00,matched_exact_symbol_unique
VTHO,vethor-token,0.00057138,1.331378236093,1018245.041983273695,56694129.0800550282,2026-04-16T02:17:43+00:00,matched_exact_symbol_unique
VVV,venice-token,8.52,-3.728490586977,17913249.603524427861,388503521.817853808403,2026-04-16T02:17:46+00:00,matched_exact_symbol_unique
W,,,,,,,unmatched_ambiguous_symbol_candidates
WAL,walrus-2,0.071523,4.946639880289,8598065.852534450591,164116690.017274260521,2026-04-16T02:17:43+00:00,matched_exact_symbol_unique
WAVES,waves,0.413941,0.261401741933,1173536.537964507937,41406892.608786940575,2026-04-16T02:17:43+00:00,matched_exact_symbol_unique
WAXP,wax,0.00672946,2.728526652572,1335236.516151694581,30855126.451734639704,2026-04-16T02:17:54+00:00,matched_exact_symbol_unique
WCT,connect-token-wct,0.065761,13.666429845086,87667514.213740363717,12246580.55658765696,2026-04-16T02:17:43+00:00,matched_exact_symbol_unique
WET,,,,,,,unmatched_ambiguous_symbol_candidates
WHITEWHALE,,,,,,,unmatched_ambiguous_symbol_candidates
WIF,,,,,,,unmatched_ambiguous_symbol_candidates
WLD,worldcoin-wld,0.309875,3.480287389208,88408466.126080259681,1014455806.548411726952,2026-04-16T02:17:42+00:00,matched_exact_symbol_unique
WLFI,,,,,,,unmatched_ambiguous_symbol_candidates
WMT,,,,,,,unmatched_no_symbol_candidate
WOO,,,,,,,unmatched_ambiguous_symbol_candidates
WTI,,,,,,,unmatched_no_symbol_candidate
XAG,,,,,,,unmatched_no_symbol_candidate
XAI,,,,,,,unmatched_ambiguous_symbol_candidates
XAN,anoma,0.01017571,-7.148095676866,11646482.454619752243,25235953.05611422658,2026-04-16T02:17:44+00:00,matched_exact_symbol_unique
XAU,,,,,,,unmatched_ambiguous_symbol_candidates
XAUT,tether-gold,4799.65,-0.419188809148,427832681.118930876255,2687086005.077036380768,2026-04-16T02:17:40+00:00,matched_exact_symbol_unique
XCN,chain-2,0.00470089,0.981951304332,5535175.562625689432,177623131.085702598095,2026-04-16T02:17:41+00:00,matched_exact_symbol_unique
XCU,,,,,,,unmatched_no_symbol_candidate
XDC,xdce-crowd-sale,0.03112975,2.247181158234,18183917.151388652623,620826410.327798962593,2026-04-16T02:17:41+00:00,matched_exact_symbol_unique
XION,xion-2,0.130761,16.858290586947,8691729.105997104198,9475375.728846972808,2026-04-16T02:17:42+00:00,matched_exact_symbol_unique
XLM,stellar,0.158648,0.967332040198,91058193.434291481972,5259544185.132491111755,2026-04-16T02:17:40+00:00,matched_exact_symbol_unique
XMR,monero,342.03,0.050193571208,119865095.057203471661,6309531386.442709922791,2026-04-16T02:17:44+00:00,matched_exact_symbol_unique
XNY,codatta,0.00608723,22.995341135697,20401675.637719277292,15164471.250266447663,2026-04-16T02:17:44+00:00,matched_exact_symbol_unique
XOM,,,,,,,unmatched_no_symbol_candidate
XPD,petrodollar-2,0.00002854,0.142133117866,1170.024648709292,28447.211265294602,2026-04-16T02:09:27+00:00,matched_exact_symbol_unique
XPIN,xpin-network,0.00145622,-5.532369363456,3929893.249809240457,22520468.004452418536,2026-04-16T02:17:44+00:00,matched_exact_symbol_unique
XPL,,,,,,,unmatched_ambiguous_symbol_candidates
XPT,xpt,0.0049579,1.899944394741,8676.615481600549,4984211.027471398935,2026-04-16T02:17:12+00:00,matched_exact_symbol_unique
XRP,,,,,,,unmatched_ambiguous_symbol_candidates
XTZ,,,,,,,unmatched_ambiguous_symbol_candidates
XVG,,,,,,,unmatched_ambiguous_symbol_candidates
XVS,venus,2.66,-0.006265426058,3661223.88100114977,44523137.223386235535,2026-04-16T02:17:55+00:00,matched_exact_symbol_unique
YB,yield-basis,0.114825,-1.077490314171,9472523.572402045131,10111590.350653748959,2026-04-16T02:17:43+00:00,matched_exact_symbol_unique
YFI,,,,,,,unmatched_ambiguous_symbol_candidates
YGG,yield-guild-games,0.03981509,4.490389416868,7552137.398569562472,29168544.055999018252,2026-04-16T02:17:41+00:00,matched_exact_symbol_unique
YZY,,,,,,,unmatched_ambiguous_symbol_candidates
ZAMA,zama,0.03265961,2.390446230052,106032659.987933799624,73308614.618963852525,2026-04-16T02:17:45+00:00,matched_exact_symbol_unique
ZBCN,zebec-network,0.00262724,0.819433882492,5854693.887728990987,257449832.912093192339,2026-04-16T02:17:42+00:00,matched_exact_symbol_unique
ZBT,zerobase,0.110327,-3.559495723496,25527329.51949287951,26956096.911287859082,2026-04-16T02:17:44+00:00,matched_exact_symbol_unique
ZEC,,,,,,,unmatched_ambiguous_symbol_candidates
ZEN,,,,,,,unmatched_ambiguous_symbol_candidates
ZEREBRO,zerebro,0.01028466,-1.359637320909,3066600.231975174509,10289199.37343898043,2026-04-16T02:17:43+00:00,matched_exact_symbol_unique
ZETA,zetachain,0.051601,2.642640264406,4051932.515153459273,70155617.022337287664,2026-04-16T02:17:43+00:00,matched_exact_symbol_unique
ZIL,zilliqa,0.00397216,1.312549251798,5036785.254399594851,77506910.274116516113,2026-04-16T02:17:53+00:00,matched_exact_symbol_unique
ZK,zksync,0.01613647,5.501043697293,9983586.29191897437,155400499.642972946167,2026-04-16T02:17:42+00:00,matched_exact_symbol_unique
ZKC,,,,,,,unmatched_ambiguous_symbol_candidates
ZKJ,polyhedra-network,0.02012124,3.386305164132,1581910.54144475027,9596413.688875487074,2026-04-16T02:17:43+00:00,matched_exact_symbol_unique
ZKP,,,,,,,unmatched_ambiguous_symbol_candidates
ZORA,zora,0.01430841,3.598166027269,6423794.904956522398,63944769.306071676314,2026-04-16T02:17:43+00:00,matched_exact_symbol_unique
ZRO,layerzero,1.94,-0.637057355474,26987655.107321668416,488910775.569575250149,2026-04-16T02:17:41+00:00,matched_exact_symbol_unique
ZRX,,,,,,,unmatched_ambiguous_symbol_candidates
